location_id,mail_region,location_type_c,latitude,longitude
3,MN,STR,45.052732,-93.365555
4,MN,STR,46.808391,-92.16745
5,MN,STR,44.860029,-93.311579
12,MO,STR,38.754066,-90.426423
13,TX,STR,32.92778,-96.813082
19,OK,STR,36.13727,-95.9204
26,MO,STR,38.594512,-90.547463
43,OK,STR,35.52441,-97.5644
48,CO,STR,39.840209,-105.085028
52,MN,STR,44.949951,-93.236742
55,TX,STR,32.856408,-96.752703
61,ND,STR,46.860628,-96.852985
64,CO,STR,40.021887,-105.256717
67,TX,STR,33.037404,-96.70825
68,MN,STR,44.949601,-93.028418
69,IA,STR,41.599259,-93.752751
75,TX,STR,29.735533,-95.568335
76,SD,STR,43.511783,-96.769284
78,IL,STR,38.921281,-90.169937
79,CO,STR,40.527326,-105.078537
80,TX,STR,33.864791,-98.533874
82,WI,STR,43.034537,-88.177573
83,TX,STR,33.528009,-101.872299
85,ND,STR,48.207108,-101.313391
86,IA,STR,42.490219,-90.721855
90,TN,STR,35.113176,-89.90362
93,CO,STR,39.09287,-108.601179
95,TX,STR,30.362314,-97.715779
96,TX,STR,30.233362,-97.792106
100,MN,STR,44.970157,-93.447411
108,IN,STR,38.015727,-87.576467
111,IN,STR,40.474985,-86.109158
137,IL,STR,40.507342,-88.957364
139,IN,STR,38.305507,-85.841632
144,TN,STR,36.304198,-86.694594
146,TN,STR,36.130779,-86.854673
147,CO,STR,39.593371,-104.88155
151,TN,STR,35.922124,-84.047781
152,WI,STR,42.698895,-87.843716
154,CO,STR,38.905204,-104.78007
158,TX,STR,30.126002,-94.15271
162,AR,STR,34.788416,-92.228336
164,WY,STR,42.847131,-106.264667
167,LA,STR,31.280318,-92.458821
171,MT,STR,45.770816,-108.582331
176,TX,STR,29.565135,-98.479886
179,AZ,STR,32.222957,-110.880256
183,CA,STR,34.245735,-118.419269
184,CA,STR,34.090945,-118.147496
188,CA,STR,34.078716,-117.291844
189,CA,STR,34.018203,-118.1508
190,CA,STR,33.948376,-118.16749
192,CA,STR,33.787031,-117.913614
193,CA,STR,33.761503,-117.955915
195,CA,STR,33.798438,-118.123236
198,CA,STR,33.999135,-118.394038
199,CA,STR,33.88892,-118.394828
200,CA,STR,33.826449,-118.345986
201,CA,STR,32.751897,-117.210247
203,CA,STR,32.60458,-117.080426
205,CA,STR,32.81637,-117.151
212,CA,STR,33.906912,-117.459627
215,MN,STR,45.556925,-94.208528
217,NE,STR,40.816087,-96.654904
219,TX,STR,32.405417,-99.767259
220,MN,STR,44.855701,-93.425342
221,TX,STR,35.18566,-101.934696
222,CA,STR,33.991768,-117.919052
223,WI,STR,42.992009,-87.90821
224,WY,STR,41.161666,-104.799678
226,CA,STR,34.11006,-117.759886
227,CA,STR,33.93793,-118.048
228,CA,STR,34.190907,-118.626444
229,CA,STR,33.803731,-118.012902
230,CA,STR,33.824384,-117.834997
233,AZ,STR,33.600407,-111.989239
238,WI,STR,44.26986,-88.46903
239,MO,STR,38.964359,-92.376963
245,CA,STR,34.673656,-118.149399
246,CA,STR,34.280264,-118.739242
249,CA,STR,33.725383,-117.98629
250,CA,STR,33.702755,-117.886981
251,AZ,STR,33.394166,-111.785987
253,MT,STR,47.493381,-111.271312
254,TX,STR,31.431875,-100.501245
255,TX,STR,32.839199,-96.990952
256,CO,STR,39.636674,-104.789979
257,CA,STR,34.42068,-118.561229
258,CA,STR,34.032494,-117.682043
259,CA,STR,33.570957,-117.705313
260,MN,STR,44.936939,-93.346785
264,NV,STR,36.15806,-115.060962
265,NV,STR,36.116541,-115.13886
267,CA,STR,38.745763,-121.254606
271,CO,STR,39.565063,-104.965672
273,CA,STR,37.687154,-120.995583
274,CA,STR,33.113107,-117.099632
275,CA,STR,36.809433,-119.847324
278,MI,STR,42.628532,-82.996591
279,MI,STR,42.32794,-83.199533
280,MI,STR,42.203291,-83.255143
281,MI,STR,42.337321,-83.390466
282,MI,STR,42.528515,-83.108536
286,CA,STR,33.759257,-117.850704
288,CA,STR,34.167086,-118.585573
289,CA,STR,33.847157,-118.062572
290,CA,STR,33.886675,-118.316079
291,CA,STR,33.947388,-117.382433
293,CA,STR,33.887729,-117.877297
294,CA,STR,34.18816,-118.371645
296,CA,STR,32.980582,-117.060866
298,CA,STR,34.261914,-119.237025
299,CA,STR,34.230802,-118.560808
300,CA,STR,33.60628,-117.689
301,CA,STR,34.108229,-117.573899
302,CA,STR,34.138102,-117.982918
303,CA,STR,33.184026,-117.329697
304,CA,STR,32.809271,-116.958998
305,CA,STR,32.910813,-117.146313
307,CA,STR,33.789552,-116.481456
309,CA,STR,34.922576,-120.434178
310,CA,STR,38.562221,-121.49751
311,CA,STR,38.66161,-121.349226
312,CA,STR,38.600567,-121.403401
313,CA,STR,37.991634,-121.314598
314,CA,STR,36.780352,-119.771179
317,CA,STR,39.725986,-121.80319
318,CA,STR,39.146583,-121.632829
319,AZ,STR,33.379204,-111.907465
320,CA,STR,37.673739,-122.464936
321,CA,STR,37.475146,-122.217683
322,CA,STR,37.401165,-122.106321
323,CA,STR,37.323944,-122.036425
324,CA,STR,37.264626,-121.918805
328,CA,STR,37.706588,-121.931028
330,CA,STR,37.97736,-122.067
331,CA,STR,38.132407,-122.222603
332,CA,STR,38.007704,-121.840624
335,TX,STR,27.706821,-97.374015
336,CA,STR,33.685581,-117.812576
337,WA,STR,47.910051,-122.226784
338,WA,STR,47.832446,-122.266588
339,WA,STR,47.574202,-122.172947
341,WA,STR,47.237213,-122.479943
342,WA,STR,47.159345,-122.295164
343,WA,STR,45.650676,-122.591779
344,OR,STR,45.487853,-122.788207
345,OR,STR,45.454165,-122.779459
346,OR,STR,45.431404,-122.57081
347,MI,STR,43.48278,-83.970839
348,WA,STR,48.786495,-122.493602
349,WA,STR,47.163639,-122.511782
350,MI,STR,42.983646,-83.749455
351,MI,STR,42.637931,-83.12942
353,MI,STR,42.328097,-83.302704
354,MI,STR,42.32347,-83.4716
355,KS,STR,39.028217,-95.759668
356,NM,STR,35.13003,-106.548
357,NM,STR,35.085529,-106.527855
358,CA,STR,36.807026,-119.698562
359,CA,STR,33.506295,-117.146352
360,MN,STR,44.791154,-93.205846
361,MI,STR,42.66339,-84.54388
362,OR,STR,45.507197,-122.957016
363,AZ,STR,33.54021,-111.887628
364,WI,STR,44.90672,-89.591312
365,MI,STR,42.724329,-84.413321
366,KY,STR,37.992925,-84.526448
373,GA,STR,33.89795,-84.4795
397,MI,STR,43.021951,-85.687598
400,UT,RGD,40.56698,-111.893
401,MN,RGD,44.72371,-93.1751
402,CO,RGD,39.78392,-104.895
403,MO,RGD,38.75243,-90.4277
404,TX,RGD,33.2186,-96.6385
405,TX,RGD,30.05005,-95.4316
406,NC,RGD,35.68942,-78.5813
407,IA,RGD,41.646488,-93.769788
408,OK,RGD,35.52439,-97.5639
409,MN,RGD,45.13298,-93.3668
411,TN,RGD,36.18213,-86.6363
413,IN,RGD,41.12207,-85.0637
414,WA,RGD,47.11332,-122.292
415,KY,RGD,38.2432,-85.5156
416,TN,RGD,35.05097,-89.6913
417,MN,RGD,45.13298,-93.3668
418,CA,RGD,32.81637,-117.151
419,CA,RGD,33.6812,-117.919
421,AZ,RGD,33.3384,-111.965
422,TX,RGD,26.24457,-98.2544
423,TX,RGD,29.55469,-95.3845
424,CA,RGD,33.75214,-117.989
425,CO,RGD,39.95634,-105.174
426,TX,RGD,32.92818,-96.81133
427,NE,RGD,41.16375,-96.042999
428,CA,RGD,33.75214,-117.989
429,CA,RGD,33.72649,-117.989
430,MI,RGD,42.6306,-82.9128
431,CA,RGD,38.67064,-121.274
432,CA,RGD,34.19196,-118.606
433,CA,RGD,37.63539,-122.42
434,WA,RGD,47.455841,-122.256421
435,OR,RGD,45.378557,-122.752483
436,MI,RGD,42.50366,-83.0833
437,CA,RGD,37.66636,-122.121
438,CA,RGD,34.02341,-118.374
439,GA,RGD,33.8977,-84.479
441,MN,RGD,45.13298,-93.3668
443,TX,RGD,32.92818,-96.81133
444,PA,RGD,40.095491,-75.365716
445,CA,RGD,33.62332,-117.682
452,GA,RGD,33.93045,-84.3416
453,FL,RGD,26.52631,-80.1656
454,TX,RGD,29.59664,-95.6272
455,MI,RGD,42.84482,-85.6162
456,CA,RGD,36.845766,-119.790505
457,AZ,RGD,33.3384,-111.965
458,MN,RGD,43.954523,-92.464843
459,FL,RGD,27.96062,-82.7232
460,FL,RGD,28.55221,-81.2018
461,OH,RGD,40.06312,-83.0463
463,WI,RGD,42.9884,-88.2619
464,CA,RGD,37.703228,-121.853195
465,FL,RGD,30.235,-81.6952
466,FL,RGD,26.52584,-80.166
467,IL,RGD,42.02468,-88.1457
468,IL,RGD,41.6497,-88.2035
469,IL,RGD,41.85315,-87.8519
470,NM,RGD,35.17403,-106.58
475,NV,RGD,36.1244,-115.242
476,NC,RGD,35.12227,-80.7061
477,OH,RGD,41.12057,-81.4785
478,MI,RGD,42.32261,-83.4717
501,MN,OFFICE,44.97391,-93.2757
503,SD,OFFICE,43.503773,-96.771912
507,MN,DC,44.80528,-93.353
509,MN,OFFICE,45.13408,-93.3709
510,MN,OFFICE,45.13513,-93.3699
523,MD,RGD,38.67032,-76.8761
524,MD,RGD,39.37062,-76.4515
525,IL,RGD,41.8506,-87.8494
526,VA,RGD,38.77636,-77.173
528,MO,RGD,38.75243,-90.4277
529,CO,RGD,38.97267,-104.744
530,NE,STR,41.294429,-96.116794
531,KS,STR,38.925538,-95.263513
532,NE,STR,41.165532,-96.044683
533,IA,STR,41.5731,-90.5266
534,MN,OFFICE,44.97838,-93.2726
538,MN,OFFICE,45.13408,-93.3709
542,MN,OFFICE,44.981164,-93.274092
543,MN,OFFICE,44.978835,-93.272823
548,MN,OFFICE,45.00041,-93.216598
549,MN,OFFICE,44.97391,-93.2757
551,MN,DC,45.098648,-93.24759
553,CA,DC,34.113221,-117.482229
554,CO,DC,38.279115,-104.469164
555,CA,DC,38.683711,-121.726105
556,GA,DC,31.421382,-83.518412
557,WI,DC,43.081114,-88.479091
558,OR,DC,44.57834,-123.113375
559,IN,DC,39.748822,-86.295071
560,VA,DC,38.031407,-79.000855
567,IN,DC,39.7709,-86.2987
578,TX,DC,32.463497,-95.410132
579,NY,DC,43.181013,-73.716104
580,AL,DC,34.644197,-86.847588
581,CA,DC,33.832671,-118.228623
582,FL,DC,25.79555,-80.35918
583,TX,DC,32.96943,-97.32895
584,VA,DC,36.78599,-76.267813
586,MN,DC,44.978378,-93.272636
587,MI,DC,42.275648,-85.381142
588,AZ,DC,33.446269,-112.215227
589,PA,DC,39.889669,-77.671763
590,IA,DC,42.483204,-92.472232
591,MN,OFFICE,45.13298,-93.3668
592,MN,OFFICE,45.135555,-93.366566
593,CA,DC,35.443343,-119.183969
594,SC,DC,34.182675,-80.681276
600,WA,DC,47.083266,-122.773993
604,MI,STR,42.21853,-85.58801
605,MI,STR,42.556024,-83.026364
606,WA,STR,47.658217,-122.694049
607,WA,STR,47.044627,-122.937368
608,OR,STR,44.938881,-122.986751
609,OR,STR,44.630034,-123.078597
610,MI,STR,42.25982,-85.185489
611,MI,STR,42.452087,-83.343323
612,OR,STR,44.071789,-123.045335
613,OR,STR,42.347395,-122.878198
614,CA,STR,35.393662,-118.955545
615,CA,STR,40.586817,-122.34872
616,MI,STR,42.738624,-84.628522
617,ID,STR,43.610581,-116.285758
618,CO,STR,38.303164,-104.606076
619,MN,STR,45.056743,-93.144848
620,WI,STR,43.873947,-91.193309
622,OH,STR,41.720484,-83.560917
623,OH,STR,41.699627,-83.653767
624,OH,STR,41.615312,-83.695221
625,NM,STR,35.186039,-106.664262
626,CA,STR,37.414028,-121.876387
627,WA,STR,47.4553,-122.258
628,WA,STR,46.142714,-122.899321
632,MI,STR,43.034255,-82.453353
634,MI,STR,42.244007,-83.769179
636,WA,STR,47.747573,-117.400259
637,WA,STR,47.521889,-122.368834
638,FL,STR,26.354865,-80.204597
639,AZ,STR,33.388909,-111.683474
641,CA,STR,37.322488,-120.485509
642,FL,STR,26.437581,-80.084774
643,MN,STR,44.729898,-93.21455
645,FL,STR,30.328925,-81.548558
647,FL,STR,28.662944,-81.41757
649,FL,STR,28.555243,-81.345493
650,FL,STR,28.449346,-81.390654
652,FL,STR,28.063326,-82.707556
654,FL,STR,27.892652,-82.784993
655,FL,STR,28.088613,-82.504973
656,FL,STR,28.071895,-82.428282
657,MN,STR,47.493679,-94.910564
658,MN,STR,46.875702,-96.728311
659,MN,STR,46.362996,-94.241828
660,CA,STR,34.064981,-117.434569
661,MN,STR,45.09785,-95.041362
662,MN,STR,44.81502,-92.931008
663,MN,STR,44.172924,-93.951425
664,MN,STR,45.031424,-93.450801
665,FL,STR,27.228133,-82.492189
666,OH,STR,40.090208,-83.089989
669,FL,STR,30.193734,-81.549105
670,IL,STR,39.750086,-89.71016
671,MI,STR,44.725352,-85.637768
672,MI,STR,43.658323,-84.241662
673,MI,STR,42.267183,-84.425898
674,IL,STR,37.749039,-88.979309
675,CA,STR,38.246702,-122.068212
676,CA,STR,36.714857,-121.652994
677,CA,STR,33.865805,-117.747645
679,ID,STR,47.734676,-116.791065
680,NV,STR,36.065059,-115.047712
681,WA,STR,47.366609,-122.202974
682,TN,STR,35.065207,-89.755729
684,TX,STR,30.169394,-95.45353
685,CA,STR,34.599359,-118.146734
686,FL,STR,30.468992,-87.208593
687,FL,STR,29.621259,-82.383618
688,FL,STR,29.183285,-81.079788
689,FL,STR,28.080003,-80.665964
690,FL,STR,27.013497,-82.142729
692,CA,STR,38.089748,-122.553139
693,MN,STR,45.091081,-93.377936
694,MN,STR,44.926719,-92.959728
695,TN,STR,35.96564,-86.812455
696,WA,STR,48.465356,-122.338606
699,ID,STR,42.590837,-114.462897
700,AZ,STR,32.39916,-110.959
731,IN,STR,41.524173,-87.46833
732,IL,STR,41.839285,-87.741635
733,IL,STR,38.78342,-89.949043
734,GA,STR,31.621335,-84.224654
735,AZ,STR,31.555778,-110.255764
736,CA,STR,33.900756,-117.564353
737,CA,STR,37.9876,-122.309847
738,CA,STR,37.75779,-121.458451
739,CO,STR,38.792999,-104.801542
740,FL,STR,30.410554,-86.658874
746,FL,STR,25.685467,-80.437934
747,GA,STR,33.970133,-84.014927
749,GA,STR,34.014619,-84.188354
750,GA,STR,30.84359,-83.316461
751,MN,STR,45.052235,-93.060696
752,MO,STR,38.579381,-92.21424
753,IL,STR,42.137514,-88.02742
754,MS,STR,32.39856,-90.147817
755,NC,STR,35.054709,-78.974689
756,TN,STR,36.342907,-82.373841
757,KY,STR,37.717488,-87.122615
758,TX,STR,32.758276,-97.170162
759,VA,STR,38.654476,-77.288786
760,WA,STR,46.606678,-120.490059
761,CA,STR,33.745886,-117.008866
762,NC,STR,35.107803,-80.878991
766,OR,STR,44.103817,-121.300516
767,CA,STR,34.104422,-117.823254
768,UT,STR,40.628321,-111.940483
769,NM,STR,32.317435,-106.744205
770,TX,STR,32.023796,-102.145453
771,TX,STR,29.355947,-98.542542
772,VA,STR,38.299852,-77.512493
773,IN,STR,39.716457,-86.355133
774,MO,STR,37.085188,-94.474158
775,TX,STR,32.273429,-95.309053
778,GA,STR,33.481744,-84.438531
779,KY,STR,37.728429,-85.880339
780,KY,STR,38.215374,-85.594476
783,TX,RGD,29.78341,-95.5439
784,IL,RGD,41.85315,-87.8519
785,CA,RGD,33.8594,-117.927
786,VA,RGD,37.50408,-77.605
787,WA,RGD,47.4553,-122.258
788,PA,RGD,39.91523,-75.3501
790,GA,RGD,33.985,-84.42961
792,OH,STR,41.377624,-81.73558
793,OH,STR,41.12039,-81.476927
794,OH,STR,40.861642,-81.430975
795,TN,STR,36.008464,-84.022171
796,GA,STR,34.290556,-83.846503
797,AL,STR,30.671392,-88.12001
798,FL,STR,28.027791,-82.54837
799,FL,STR,27.336617,-82.46222
800,TX,STR,30.610755,-96.315122
801,TX,STR,27.569584,-99.499934
802,TX,STR,26.183007,-97.721719
803,IA,STR,41.523719,-93.60205
804,IA,STR,43.149783,-93.253369
805,WI,STR,44.684235,-90.163006
806,WI,STR,44.524443,-89.522728
807,WI,STR,43.998428,-88.577638
808,WI,STR,43.790903,-88.484965
809,WI,STR,42.722067,-88.998294
810,IL,STR,42.269862,-88.988941
811,FL,STR,30.19123,-85.649157
812,FL,STR,27.936417,-82.323706
813,FL,STR,27.051846,-82.390683
815,FL,STR,26.15405,-80.318536
816,FL,STR,27.23659,-80.271472
817,FL,STR,27.432646,-82.577904
818,FL,STR,26.542519,-81.8687
819,MI,STR,42.545455,-82.902945
820,MN,STR,45.126821,-93.268746
821,MN,STR,45.850045,-95.389931
822,TX,STR,31.81844,-106.548296
823,TX,STR,31.769818,-106.305141
824,TX,STR,26.186369,-98.213058
825,AZ,STR,33.636207,-112.22854
826,NV,STR,36.21954,-115.25
827,CA,STR,38.361305,-121.961849
828,CA,STR,37.700855,-121.746435
830,WA,STR,46.221915,-119.22201
831,NE,STR,41.870036,-103.643129
832,NM,STR,33.427761,-104.521793
833,IL,STR,42.23921,-87.95723
834,IL,STR,42.025658,-88.341499
835,IL,STR,42.02324,-88.1455
836,IL,STR,41.937464,-88.098861
837,IL,STR,41.905597,-87.843955
838,IL,STR,41.859336,-88.140105
839,IL,STR,41.851976,-88.34214
840,IL,STR,41.771608,-88.203784
841,IL,STR,41.762773,-87.74283
842,IL,STR,41.603297,-87.850649
843,IL,STR,41.780723,-87.860088
844,FL,STR,30.43252,-84.244336
845,FL,STR,28.754586,-81.348846
847,MN,STR,47.510808,-92.549759
848,SD,STR,45.457452,-98.440585
849,TX,STR,31.783152,-106.414718
850,NV,STR,36.1244,-115.242
851,AZ,STR,33.475425,-112.218617
852,CA,STR,38.346792,-122.719836
853,CA,STR,38.117156,-121.303786
854,AZ,STR,32.336156,-111.048391
855,AZ,STR,32.249311,-110.853411
856,NE,STR,42.020273,-97.430513
857,NE,STR,40.722419,-99.08564
858,TX,STR,29.849244,-95.502707
859,SD,STR,44.888651,-97.083451
860,IA,STR,40.820835,-91.171919
861,MN,STR,45.164304,-93.855592
862,MN,STR,44.861783,-93.542683
863,WI,STR,43.189642,-88.129009
864,WI,STR,43.050684,-88.376891
865,IL,STR,42.383116,-87.965756
866,IL,STR,41.770848,-88.038704
867,IL,STR,41.704813,-88.122003
868,IL,STR,41.656903,-87.745732
870,IN,STR,41.469486,-87.303074
871,IL,STR,40.748276,-89.635233
872,MI,STR,42.434408,-83.431597
873,FL,STR,29.173759,-82.156912
874,FL,STR,28.915839,-81.29271
875,TX,STR,32.804355,-96.79138
876,TX,STR,32.930631,-97.089583
877,FL,STR,26.012706,-80.17438
878,IA,STR,42.506154,-94.157354
879,NE,STR,40.759505,-96.641294
880,IL,STR,42.037979,-88.048792
881,IN,STR,39.821328,-86.280071
882,TX,STR,29.050208,-95.464699
883,CA,STR,34.14677,-118.135
884,AZ,STR,34.54961,-112.431774
885,MT,STR,46.887645,-114.037236
887,TX,STR,29.771681,-94.976375
888,TX,STR,28.865442,-96.999353
891,IL,STR,40.975575,-90.387303
893,IL,STR,41.967029,-87.992439
894,IL,STR,41.577123,-88.154391
895,IL,STR,41.173961,-87.853733
896,MI,STR,42.533916,-83.441273
897,FL,STR,28.657927,-81.235633
898,FL,STR,28.671052,-81.340451
899,FL,STR,26.209139,-81.770681
901,MI,STR,42.29805,-85.654958
904,MN,STR,47.20955,-93.5272
905,KS,STR,38.784452,-97.609537
906,KS,STR,37.979676,-100.843476
907,TX,STR,29.782355,-95.716756
909,AZ,STR,33.321379,-111.981542
910,OR,STR,45.539167,-122.864806
911,CA,STR,36.847075,-119.786993
912,CA,STR,34.001494,-117.718243
913,CA,STR,33.676954,-117.664298
914,CA,STR,33.641838,-117.597587
915,WA,STR,47.656051,-117.219974
917,GA,STR,33.874854,-84.015965
918,NC,STR,35.12259,-80.7064
919,FL,STR,28.495282,-82.598506
920,FL,STR,26.009087,-80.299459
921,TN,STR,35.686565,-88.857722
922,MI,STR,42.544916,-83.792129
923,MI,STR,42.137729,-83.224591
924,MI,STR,43.576501,-84.765932
926,IL,STR,41.46953,-90.525002
927,IL,STR,42.020562,-87.705636
928,IL,STR,42.012531,-87.78051
929,IL,STR,41.361911,-89.128816
930,MN,STR,45.565472,-94.145193
931,MN,STR,45.037686,-92.838689
935,AZ,STR,35.183837,-111.66001
936,AZ,STR,33.627292,-111.888293
937,CA,STR,38.417042,-122.709582
938,CA,STR,37.69382,-121.063121
939,CA,STR,34.469177,-117.243953
940,CA,STR,33.724327,-116.403427
941,CA,STR,36.835405,-121.390048
942,IL,STR,41.929386,-87.685128
943,IL,STR,40.141522,-88.25544
945,MI,STR,42.67708,-82.829093
947,TX,STR,32.862745,-96.854439
949,CA,STR,37.761771,-121.964153
950,AZ,STR,33.477388,-111.984509
952,NM,STR,36.768639,-108.148215
953,TX,STR,31.313434,-94.720071
955,TX,STR,29.745243,-95.453373
957,IL,STR,41.906984,-87.977105
958,KY,STR,36.949291,-86.43625
959,TN,STR,36.586754,-87.292082
961,NC,STR,35.758061,-78.738405
962,NC,STR,35.971665,-77.813212
963,SC,STR,33.713441,-78.893579
964,NC,STR,35.379623,-77.939423
966,NC,STR,35.442959,-80.861845
967,FL,STR,30.253951,-81.390833
968,FL,STR,25.735588,-80.321217
969,GA,STR,34.172491,-84.785638
970,GA,STR,34.046252,-84.286994
972,CA,RGD,37.70284,-121.854
973,TX,RGD,33.1733,-96.8439
974,FL,RGD,28.80059,-81.3327
975,MN,RGD,45.13298,-93.3668
976,AZ,RGD,33.3384,-111.965
977,KY,RGD,39.018351,-84.633472
978,MI,RGD,42.50454,-83.0856
981,GA,STR,34.009047,-84.573229
982,GA,STR,33.951431,-84.232282
984,OH,STR,41.155123,-81.864833
985,OH,STR,41.316712,-81.828291
986,OH,STR,41.127561,-81.604817
988,OH,STR,41.15571,-81.410207
989,OH,STR,40.032324,-82.451051
990,OH,STR,39.73069,-82.621404
992,MO,STR,37.299212,-89.580194
993,TX,STR,29.877608,-95.646855
995,WA,STR,47.672424,-122.104025
996,WA,STR,47.542208,-122.050874
997,CA,STR,32.779717,-117.012303
1000,MD,STR,39.566736,-76.974265
1001,MD,STR,39.37062,-76.4515
1002,MD,STR,39.525112,-76.350472
1003,MD,STR,39.133067,-76.634601
1004,MD,STR,38.952326,-76.722322
1005,VA,STR,38.798687,-77.301682
1006,MD,STR,38.896156,-76.826762
1007,MD,STR,39.096991,-76.809663
1008,MD,STR,38.621217,-76.922799
1009,VA,STR,39.026292,-77.40061
1010,NY,STR,42.998587,-78.818665
1011,NY,STR,42.99466,-78.6985
1012,NY,STR,43.089764,-78.979833
1013,NY,STR,42.955802,-78.873757
1014,NY,STR,42.910928,-78.772622
1015,NC,STR,35.101464,-77.09676
1016,VA,STR,37.248789,-77.386397
1017,VA,STR,37.350281,-77.410429
1018,VA,STR,37.586919,-77.500796
1019,VA,STR,37.673607,-77.462599
1021,VA,STR,36.771766,-76.231762
1022,NC,STR,35.578601,-77.383195
1023,FL,STR,27.812701,-82.755764
1024,IL,STR,41.844493,-88.003085
1025,CA,STR,38.426289,-121.415097
1026,CA,STR,38.282734,-122.277002
1027,CA,STR,34.217239,-119.073129
1028,CA,STR,34.07412,-117.884696
1029,CA,STR,33.06304,-117.264711
1030,TN,STR,35.203464,-89.796608
1031,MO,STR,37.15155,-93.262384
1032,TX,STR,32.913092,-96.961901
1033,CA,STR,34.06949,-117.977457
1034,NM,STR,35.639352,-106.012863
1035,MO,STR,38.739289,-90.636292
1036,IL,STR,42.187052,-88.104445
1037,OH,STR,39.287984,-84.453876
1038,FL,STR,25.906886,-80.156727
1039,FL,STR,25.693142,-80.305695
1040,CA,STR,33.169156,-117.214363
1041,VA,STR,37.50405,-77.6051
1042,MD,STR,39.250575,-76.817265
1043,MD,STR,39.521077,-76.17799
1044,MD,STR,39.196971,-76.813483
1045,MD,STR,39.433405,-76.799203
1046,MD,STR,39.198922,-77.248722
1047,VA,STR,36.846717,-76.022877
1048,VA,STR,36.86527,-76.212298
1049,VA,STR,37.65192,-77.605343
1050,FL,STR,27.640415,-80.448042
1051,FL,STR,27.894675,-82.504568
1052,MI,STR,42.865307,-85.68572
1053,FL,STR,28.386689,-80.704665
1054,CA,STR,37.636877,-122.416424
1055,NJ,STR,40.55146,-74.3327
1056,NY,STR,42.094186,-76.001181
1057,NY,STR,42.792084,-78.783726
1058,OH,STR,39.993456,-83.026919
1059,TN,STR,36.182625,-86.637907
1060,WI,STR,43.06214,-89.525021
1061,TX,STR,30.2337,-97.8285
1062,CA,STR,36.621079,-121.843821
1063,IN,STR,40.008541,-86.128331
1064,WA,STR,47.438438,-120.327383
1065,TX,STR,32.894097,-96.467985
1066,TX,STR,30.4791,-97.6694
1068,MN,STR,44.086577,-93.249008
1069,WI,STR,43.119366,-89.307239
1070,IL,STR,42.407985,-87.856489
1071,KY,STR,38.296935,-85.557122
1072,OH,STR,40.05613,-82.920862
1073,GA,STR,33.55892,-85.076473
1074,FL,STR,25.971644,-80.140965
1075,FL,STR,25.575947,-80.375153
1076,VA,STR,38.833904,-77.050005
1077,NC,STR,36.168581,-80.278784
1078,NC,STR,36.056943,-79.906945
1079,NC,STR,35.993478,-80.008273
1080,NC,STR,35.870472,-78.719468
1081,NC,STR,35.293192,-80.745314
1082,ID,STR,43.478064,-111.9832
1083,NY,STR,41.097436,-73.958985
1084,NJ,STR,40.687048,-74.308861
1085,NJ,STR,39.934744,-75.024516
1086,NC,STR,36.069071,-80.320706
1087,NC,STR,35.058613,-80.815392
1088,VA,STR,38.95471,-77.369927
1090,GA,STR,33.489997,-82.081301
1091,OH,STR,39.295565,-84.304805
1092,OH,STR,39.073405,-84.313929
1094,KY,STR,38.022057,-84.415147
1095,MN,STR,45.004814,-93.229932
1096,MN,STR,44.031846,-91.620872
1097,CA,STR,38.943459,-121.095909
1098,CA,STR,38.671608,-121.153284
1100,CA,STR,34.191352,-118.934642
1101,MO,STR,38.805361,-90.310749
1102,MO,STR,38.627584,-90.342867
1103,VA,STR,37.107827,-76.492272
1104,NC,STR,35.715937,-78.638227
1105,VA,STR,36.788687,-76.109025
1106,GA,STR,34.035208,-84.460926
1107,NC,STR,34.248428,-77.881124
1108,NY,STR,40.839133,-73.286362
1109,NJ,STR,39.451831,-74.633592
1110,FL,STR,26.618184,-80.136732
1112,OH,STR,41.628859,-81.429326
1113,IA,STR,41.691581,-91.599686
1114,AR,STR,34.755508,-92.414374
1115,TX,STR,30.314314,-95.473853
1116,TX,STR,32.677827,-97.009642
1117,NM,STR,35.252425,-106.65139
1118,WA,STR,47.758916,-122.154601
1120,CA,STR,35.584198,-120.698424
1121,CA,STR,38.673209,-121.274088
1122,CA,STR,37.558918,-122.283784
1124,TX,STR,30.000192,-95.58411
1125,IL,STR,42.052844,-87.838899
1126,TN,STR,35.843921,-86.426292
1128,OH,STR,39.76211,-84.051155
1129,OH,STR,39.871423,-84.133674
1131,FL,STR,27.846105,-82.644125
1132,NJ,STR,39.733466,-75.039622
1133,NJ,STR,39.85104,-74.9839
1134,PA,STR,40.039407,-75.62947
1135,PA,STR,40.176502,-74.878432
1136,PA,STR,39.915528,-75.334492
1137,MD,STR,39.38227,-77.397979
1138,MD,STR,39.052045,-76.95646
1139,NY,STR,40.741547,-73.599909
1140,CA,STR,32.738795,-116.93853
1141,AZ,STR,33.666761,-112.119577
1142,MD,STR,39.394738,-76.582217
1143,CA,STR,36.915542,-121.774363
1144,MN,STR,45.194942,-93.350366
1146,DE,STR,39.83067,-75.5407
1147,NY,STR,40.688227,-73.406133
1148,NY,STR,40.726529,-73.277038
1150,NY,STR,40.783388,-73.833095
1151,NJ,STR,40.306136,-74.677047
1152,NJ,STR,40.441323,-74.42582
1153,NJ,STR,40.058814,-74.150328
1154,NJ,STR,39.987737,-74.175227
1155,NJ,STR,40.641532,-74.421845
1156,NY,STR,43.033533,-77.448691
1157,NY,STR,43.078449,-77.63205
1158,NJ,STR,40.036142,-74.822986
1159,PA,STR,40.22443,-75.2396
1160,PA,STR,40.459301,-78.40602
1161,VA,STR,37.27137,-76.760678
1162,VA,STR,37.299674,-79.958603
1163,FL,STR,26.168248,-80.115856
1164,GA,STR,33.852078,-84.602475
1165,GA,STR,33.944886,-84.626634
1166,IL,STR,42.228648,-88.304973
1167,IL,STR,42.102644,-87.813458
1168,IL,STR,42.191676,-87.824965
1169,MS,STR,34.965723,-90.00456
1170,IA,STR,42.019165,-93.607464
1171,NV,STR,36.012118,-115.121798
1172,GA,STR,33.726106,-84.735376
1175,NJ,STR,40.889623,-74.271414
1176,IL,STR,42.10227,-87.962664
1177,MO,STR,39.249007,-94.595171
1178,CO,STR,40.409288,-105.004497
1179,GA,STR,32.534649,-84.971073
1180,NC,STR,36.104303,-79.82095
1181,NC,STR,35.700449,-81.307679
1182,SC,STR,34.830076,-82.308025
1183,PA,STR,40.135718,-74.961605
1184,NJ,STR,40.291358,-74.301701
1185,MN,STR,45.013767,-93.009068
1186,NH,STR,42.764475,-71.215039
1187,MA,STR,42.552616,-70.937616
1188,RI,STR,41.706577,-71.494179
1189,MA,STR,41.877743,-71.068577
1190,MA,STR,41.940344,-71.351931
1191,NY,STR,40.88487,-73.09976
1192,NJ,STR,40.411546,-74.135431
1193,MD,STR,39.118834,-77.20236
1194,NY,STR,43.2024,-77.692925
1195,NY,STR,43.128391,-77.443196
1196,PA,STR,40.224163,-75.137097
1197,GA,STR,33.851828,-84.358821
1198,SC,STR,34.54954,-82.679501
1199,SC,STR,34.066744,-81.164761
1200,KY,STR,39.019597,-84.633243
1201,MO,STR,39.050723,-94.369265
1204,TX,STR,29.568997,-98.327098
1205,WA,STR,47.360864,-122.607339
1206,GA,STR,34.070031,-83.98182
1207,NV,STR,36.161086,-115.287134
1208,CA,STR,37.90513,-122.064
1209,AZ,STR,33.334243,-111.757366
1210,MN,STR,44.868546,-94.377826
1211,MN,STR,44.43365,-93.186378
1212,WI,STR,43.31914,-87.922307
1213,IL,STR,41.644007,-88.004072
1214,IN,STR,39.777506,-85.986361
1215,OH,STR,41.388517,-82.108453
1216,PA,STR,40.188115,-80.226996
1217,PA,STR,40.44576,-80.1833
1218,PA,STR,40.586457,-80.042153
1219,PA,STR,40.434376,-79.772037
1220,PA,STR,40.303526,-79.596178
1221,PA,STR,39.987156,-76.68029
1222,PA,STR,40.359436,-75.983374
1223,GA,STR,33.392907,-84.758875
1224,NJ,STR,40.562362,-74.553134
1225,VA,STR,37.420887,-77.63418
1226,NC,STR,34.785885,-77.404038
1227,NH,STR,43.2189,-71.485199
1228,NH,STR,42.702771,-71.437791
1229,MA,STR,42.399035,-71.071855
1230,ID,STR,43.661723,-116.352417
1231,TX,STR,33.099539,-96.681289
1232,MA,STR,42.168221,-72.642232
1233,MD,STR,38.415965,-75.560247
1234,VA,STR,39.154246,-78.16744
1235,WI,STR,44.965714,-92.723746
1236,OH,STR,40.138804,-82.97916
1237,MT,STR,45.710678,-111.070672
1238,CA,STR,33.727436,-117.784915
1239,NV,STR,39.099928,-119.777541
1241,MO,STR,38.777548,-90.696666
1242,AZ,STR,33.462942,-112.355692
1244,MN,STR,45.274286,-93.000051
1246,WI,STR,44.823398,-87.403163
1247,WI,STR,44.49059,-88.070666
1248,WI,STR,44.245862,-88.35683
1249,CT,STR,41.81014,-72.550028
1250,TN,STR,35.751972,-83.991525
1251,MI,STR,42.706427,-83.29106
1252,OH,STR,39.633188,-84.214062
1253,PA,STR,40.410763,-79.910806
1254,PA,STR,40.308926,-76.796429
1255,CT,STR,41.995833,-72.581525
1256,PA,STR,40.124819,-75.116154
1257,MD,STR,39.620301,-77.772574
1258,MD,STR,38.297683,-76.513826
1259,PA,STR,40.688076,-80.084992
1260,PA,STR,40.996433,-75.244833
1261,WV,STR,38.338227,-81.714517
1263,NJ,STR,40.813663,-73.982223
1264,NY,STR,40.724929,-73.49426
1265,MD,STR,39.461851,-76.634099
1266,MA,STR,42.518609,-71.135461
1267,CT,STR,41.377211,-72.150307
1268,NY,STR,42.705805,-73.823925
1269,PA,STR,40.104859,-75.296082
1270,PA,STR,40.348613,-79.953199
1271,NY,STR,43.099397,-73.743829
1272,MN,STR,44.775657,-93.500873
1273,FL,STR,30.530082,-87.223828
1274,AL,STR,30.603217,-87.896507
1275,VA,STR,37.346211,-79.190985
1278,MO,STR,38.412647,-90.396168
1279,MO,STR,38.564709,-90.404735
1280,MO,STR,38.787647,-90.562835
1281,MA,STR,42.160827,-71.498868
1282,MT,STR,46.621295,-112.019278
1283,CA,STR,33.565642,-117.203908
1284,WA,STR,47.70897,-122.325012
1285,MI,STR,42.235442,-83.677315
1286,IN,STR,41.466956,-87.030416
1287,PA,STR,42.055523,-80.094522
1288,PA,STR,40.812571,-77.906703
1289,CT,STR,41.710626,-72.763862
1290,MA,STR,42.481583,-71.024154
1291,PA,STR,40.13059,-75.4531
1292,VA,STR,37.157251,-80.422419
1293,CA,STR,33.68243,-117.918
1294,FL,STR,29.875513,-81.32241
1295,MD,STR,38.998652,-76.906711
1296,NY,STR,41.452284,-74.369057
1298,SC,STR,32.255069,-80.850245
1299,FL,STR,28.000168,-81.972942
1300,FL,STR,30.188558,-81.629169
1301,OH,STR,41.216528,-80.752596
1302,TN,STR,35.024344,-85.156006
1303,MN,STR,45.574245,-93.200224
1304,CA,STR,37.520868,-120.879081
1305,CA,STR,33.859295,-118.08794
1306,CA,STR,34.0227,-118.373
1307,CA,STR,34.175234,-118.466515
1308,MA,STR,42.305328,-71.398387
1309,CA,STR,34.212687,-118.46022
1310,SC,STR,33.504129,-81.711132
1311,WI,STR,42.958073,-88.106897
1312,DE,STR,39.159345,-75.511066
1313,MI,STR,42.544789,-83.189464
1314,MO,STR,38.502843,-90.446953
1315,NJ,STR,40.619214,-74.244329
1316,AZ,STR,32.160961,-110.989723
1317,OH,STR,41.543181,-83.580605
1318,NY,STR,41.968248,-73.985555
1319,SC,STR,34.11804,-80.877112
1322,AL,STR,34.84213,-87.634764
1323,IL,STR,41.918795,-88.263731
1324,OH,STR,41.525092,-81.435551
1325,OH,STR,41.463296,-82.010043
1326,CO,STR,39.40837,-104.857
1327,AZ,STR,33.779027,-111.923014
1328,CA,STR,33.782654,-118.069999
1329,CA,STR,33.948025,-118.332844
1330,NJ,STR,40.898491,-74.038818
1331,WA,STR,47.998684,-122.101909
1332,CA,STR,34.147097,-118.085751
1333,MT,STR,45.806033,-108.472736
1334,MI,STR,46.551176,-87.460326
1335,AZ,STR,33.637254,-112.3532
1336,TX,STR,29.692869,-95.418438
1337,FL,STR,26.30188,-80.0926
1338,ME,STR,43.634242,-70.347774
1339,TX,STR,32.684103,-97.135958
1340,CA,STR,33.925134,-118.107045
1341,VA,STR,38.855688,-77.392918
1342,IL,STR,42.006468,-87.886532
1344,NY,STR,40.73533,-73.8749
1345,NJ,STR,40.276872,-74.540946
1346,AL,STR,34.741637,-86.681523
1347,LA,STR,32.439556,-93.719634
1348,MA,STR,42.29247,-71.7751
1349,SC,STR,34.934124,-82.009115
1350,IN,STR,39.959298,-86.009396
1351,MN,STR,44.063197,-92.502995
1352,MN,STR,44.827056,-93.600506
1353,MO,STR,38.666762,-90.58587
1354,TX,STR,29.611833,-98.510142
1355,WA,STR,47.042749,-122.83586
1356,MN,STR,44.916909,-93.504896
1357,UT,STR,37.102987,-113.554468
1358,NY,STR,41.03208,-73.7661
1359,TX,STR,29.565628,-95.567324
1360,AZ,STR,33.674884,-111.974585
1361,AZ,STR,33.554179,-112.259787
1362,CA,STR,34.18962,-118.33
1363,NV,STR,39.463531,-119.780964
1364,IN,STR,39.603069,-86.157634
1365,NJ,STR,39.866973,-74.922641
1366,IN,STR,39.936085,-86.23232
1367,AL,STR,34.673498,-86.541632
1368,TX,STR,32.88088,-97.104442
1369,LA,STR,30.38446,-91.0613
1370,TN,STR,35.90058,-84.1513
1371,SC,STR,34.939136,-80.977854
1372,CO,STR,39.916352,-104.9751
1373,CT,STR,41.55254,-72.815454
1374,MA,STR,41.796058,-71.321145
1375,MN,STR,44.975017,-93.274104
1376,AL,STR,30.67388,-88.2283
1377,TX,STR,29.539104,-95.022659
1378,NJ,STR,40.23093,-74.0445
1380,GA,STR,32.616594,-83.686391
1381,OH,STR,40.786265,-82.594287
1382,FL,STR,28.172833,-82.35557
1383,CA,STR,33.87942,-117.961619
1384,CA,STR,35.385275,-119.102815
1385,IL,STR,42.15456,-87.950964
1386,AZ,STR,33.453955,-111.682275
1388,MO,STR,39.173898,-94.533073
1389,NJ,STR,39.82943,-75.091781
1390,GA,STR,33.84512,-84.246
1391,SC,STR,32.79943,-80.0306
1392,MO,STR,38.931153,-94.40894
1393,OH,STR,39.16256,-84.274256
1394,GA,STR,34.1857,-84.134116
1395,TX,STR,33.011846,-96.971203
1396,TX,STR,29.65225,-95.152497
1397,OK,STR,35.612882,-97.547433
1398,OK,STR,35.650501,-97.463539
1399,LA,STR,30.199843,-93.245921
1400,GA,STR,33.885814,-84.744219
1401,NY,STR,40.652462,-73.870271
1402,IL,STR,41.69696,-88.316021
1403,IL,STR,41.64973,-88.2056
1404,RI,STR,41.877046,-71.518292
1405,OR,STR,44.049357,-123.170785
1406,OR,STR,45.532785,-122.442144
1407,CA,STR,37.670553,-122.470173
1408,CA,STR,34.141668,-118.224336
1409,CA,STR,33.853038,-118.139819
1410,CA,STR,32.767561,-117.150905
1411,CA,STR,34.074952,-118.070068
1413,CO,STR,39.691569,-104.863636
1414,PA,STR,40.874961,-79.941553
1415,MD,STR,39.036286,-77.05633
1416,VA,STR,38.77562,-77.1736
1417,CA,STR,36.821413,-119.788498
1418,CA,STR,33.85851,-117.928
1419,OR,STR,45.516017,-122.562351
1420,VA,STR,36.828586,-76.414423
1421,CA,STR,40.805908,-124.144757
1422,CA,STR,37.545146,-121.984401
1423,CA,STR,34.089834,-117.690544
1424,CA,STR,33.917962,-118.07613
1425,CA,STR,34.001125,-118.085999
1426,CA,STR,37.373857,-121.844588
1427,CA,STR,37.290985,-121.989769
1428,CA,STR,37.699792,-122.12682
1429,AZ,STR,33.392155,-111.864869
1430,TX,STR,32.940404,-96.697299
1431,VA,STR,38.868047,-77.142045
1432,AZ,STR,33.573929,-111.718355
1435,TX,STR,29.78247,-95.5423
1436,MO,STR,38.972472,-94.607118
1437,IL,STR,41.945125,-87.701945
1438,CA,STR,38.322461,-122.307627
1439,AZ,STR,32.22347,-110.914589
1441,MA,STR,42.376695,-71.090028
1442,MA,STR,42.364178,-71.156462
1443,PA,STR,39.923772,-75.145899
1444,WA,STR,45.616707,-122.505134
1445,IN,STR,41.718127,-86.176825
1446,IN,STR,41.622052,-85.905035
1447,OH,STR,39.1635,-84.42758
1448,MN,STR,45.184494,-93.104546
1449,LA,STR,30.002898,-90.184112
1450,LA,STR,29.611226,-90.756986
1451,LA,STR,29.889547,-90.053431
1452,SC,STR,34.193002,-79.837492
1453,GA,STR,33.941502,-83.44039
1454,FL,STR,26.606538,-81.976707
1455,MO,STR,39.247376,-94.463373
1456,MN,STR,45.19775,-93.554631
1457,TX,STR,30.019506,-95.268162
1458,TX,STR,30.05039,-95.4343
1459,TX,STR,29.55334,-95.384
1460,IL,STR,41.568789,-87.634284
1461,GA,STR,33.46739,-84.216511
1462,NV,STR,36.280438,-115.263741
1463,OH,STR,41.021135,-80.645763
1464,NJ,STR,40.673576,-75.134524
1465,MI,STR,42.488356,-83.533662
1466,MI,STR,42.711399,-83.033136
1467,NJ,STR,40.627381,-74.307959
1468,AL,STR,31.266492,-85.446808
1469,LA,STR,32.499827,-92.070689
1470,AR,STR,36.1157,-94.1555
1471,CO,STR,39.715366,-104.821198
1472,CA,STR,37.607973,-122.063005
1473,LA,STR,30.160103,-92.049102
1474,PA,STR,41.46711,-75.639079
1475,NY,STR,43.187797,-76.247107
1476,NY,STR,43.031849,-76.019782
1477,NY,STR,42.857601,-73.772416
1478,WV,STR,38.420497,-82.285095
1479,KY,STR,38.198329,-85.670463
1480,FL,STR,26.11821,-80.2582
1481,IN,STR,37.975406,-87.470714
1482,MI,STR,42.831116,-86.092003
1483,WI,STR,44.465351,-87.985999
1484,MN,STR,44.683917,-93.291757
1485,CA,STR,32.841939,-116.983013
1486,GA,STR,33.82825,-84.3255
1487,KS,STR,39.01778,-94.665331
1489,TX,STR,32.965271,-96.646699
1490,TX,STR,26.268482,-98.216553
1491,NJ,STR,40.813154,-74.380545
1492,NY,STR,43.083646,-75.315158
1493,SC,STR,33.040283,-80.157735
1495,MA,STR,41.971125,-70.716858
1496,MA,STR,42.280435,-71.655929
1497,FL,STR,30.104009,-81.707476
1499,AL,STR,32.618108,-85.410636
1500,CO,STR,39.733793,-105.157724
1501,CO,STR,38.888207,-104.717715
1502,CA,STR,38.791131,-121.289567
1504,NC,STR,35.97435,-78.541429
1505,NC,STR,35.59799,-80.871
1506,TX,STR,31.89194,-102.34782
1507,CA,STR,37.931996,-122.328207
1508,NY,STR,42.484933,-76.490598
1509,MO,STR,38.50674,-90.339126
1510,PA,STR,40.612714,-75.535035
1511,TN,STR,36.334395,-86.625271
1512,FL,STR,25.98011,-80.3715
1513,KY,STR,38.145684,-85.672642
1514,TX,STR,32.908185,-97.187652
1515,MO,STR,38.59236,-90.2952
1516,MA,STR,42.359487,-71.607159
1517,TX,STR,33.067892,-97.083271
1518,FL,STR,28.492932,-81.430165
1519,FL,STR,28.549307,-81.704866
1520,NH,STR,43.045615,-71.461202
1521,NY,STR,42.77571,-73.8901
1522,MN,STR,44.568743,-92.582546
1523,TX,STR,29.494545,-98.551497
1524,NV,STR,36.114471,-115.311127
1525,CO,STR,39.637251,-106.07767
1526,CA,STR,37.795029,-121.197283
1527,CA,STR,38.458625,-121.41386
1528,CT,STR,41.415022,-73.401914
1529,SC,STR,32.824343,-79.81782
1530,IN,STR,40.221835,-85.380771
1531,TX,STR,31.534892,-97.192432
1532,NH,STR,42.79899,-71.53679
1533,VA,STR,38.776005,-77.082404
1534,OH,STR,39.35608,-84.361445
1535,TX,STR,29.290682,-94.8403
1536,TX,STR,32.589965,-97.144408
1537,NE,STR,41.142081,-95.970308
1538,MO,STR,38.815772,-94.516304
1539,IL,STR,38.572678,-89.923981
1540,MT,STR,48.235975,-114.326737
1541,MD,STR,39.384743,-76.73146
1542,TX,STR,30.316057,-97.70676
1543,KS,STR,38.848948,-94.819941
1544,CT,STR,41.0554,-73.54142
1545,OH,STR,39.23584,-84.589433
1546,GA,STR,33.659201,-84.499825
1547,CA,STR,34.278757,-118.867755
1548,CA,STR,33.826266,-117.516614
1549,NY,RGD,42.9959,-78.6984
1550,VA,RGD,37.50408,-77.605
1551,PA,RGD,40.447831,-80.18352
1552,CA,RGD,33.93776,-118.048
1553,GA,RGD,33.8977,-84.479
1554,IN,RGD,39.74672,-86.2957
1555,NJ,RGD,40.55058,-74.3353
1556,FL,RGD,26.48374,-81.7869
1557,OH,RGD,39.29297,-84.30455
1558,PA,RGD,40.09549,-75.3657
1559,NJ,RGD,39.8503,-74.9844
1560,NY,RGD,40.81699,-73.2549
1561,ND,RGD,46.860628,-96.852985
1562,CA,RGD,37.52087,-120.879
1564,VA,RGD,36.846796,-76.021151
1565,MA,RGD,41.87858,-71.0658
1566,MA,RGD,41.877743,-71.068577
1567,NY,RGD,42.77557,-73.8936
1568,TX,RGD,32.92818,-96.81133
1569,TX,RGD,30.16259,-97.7936
1570,CA,RGD,34.14656,-118.135
1571,CA,RGD,38.67064,-121.274
1572,IL,RGD,42.02468,-88.1457
1573,KS,RGD,38.90925,-94.6721
1574,AZ,RGD,32.39896,-110.96
1575,FL,RGD,28.51549,-81.3801
1576,OR,RGD,45.378557,-122.752483
1577,MN,RGD,45.06444,-93.2519
1578,PA,RGD,40.25,-77.0091
1579,NC,RGD,36.11313,-79.8786
1580,SC,RGD,34.00679,-81.1938
1581,MN,RGD,45.06444,-93.2519
1582,TX,RGD,33.1733,-96.8439
1583,IA,RGD,41.57384,-90.5286
1584,WI,RGD,43.998428,-88.577638
1585,KS,RGD,37.67976,-97.4327
1586,KS,RGD,38.90925,-94.6721
1587,CA,RGD,33.72649,-117.989
1588,TX,RGD,29.6534,-98.4447
1589,CT,RGD,41.8914,-72.6524
1590,AL,RGD,33.4258,-86.7118
1591,OH,RGD,41.12057,-81.4785
1592,IN,RGD,39.74672,-86.2957
1593,NY,RGD,40.6906,-73.983
1594,MN,RGD,45.13298,-93.3668
1595,LA,RGD,30.44228,-90.14
1596,IL,RGD,41.9553,-87.8084
1597,WA,RGD,47.65616,-117.358
1750,UT,STR,40.91825,-111.887
1751,UT,STR,40.622565,-111.850185
1752,UT,STR,40.56698,-111.893
1753,UT,STR,41.173612,-112.006235
1754,UT,STR,40.2959,-111.699239
1755,UT,STR,41.08775,-111.981112
1756,KS,STR,38.910686,-94.764408
1757,KS,STR,38.908199,-94.674659
1759,KS,STR,39.01022,-94.768077
1760,FL,STR,28.5522,-81.2022
1761,GA,STR,34.063846,-84.398046
1762,IN,STR,40.419482,-86.847233
1763,TX,STR,33.104797,-96.811982
1764,TX,STR,33.030336,-96.826952
1765,TX,STR,32.889784,-97.25691
1766,TX,STR,32.83667,-97.184
1767,IA,STR,41.709536,-93.578786
1768,IA,STR,42.036658,-91.650377
1769,CO,STR,39.95652,-105.174
1770,TX,STR,32.678625,-97.412599
1771,IA,STR,41.944325,-91.71696
1772,AL,STR,33.42553,-86.7118
1773,AL,STR,33.60526,-86.636743
1774,WI,STR,44.780861,-91.434078
1775,TX,STR,32.983052,-96.769579
1776,CO,STR,39.61042,-105.101
1777,NE,STR,41.235967,-96.193936
1780,GA,STR,34.085767,-84.545933
1782,OK,STR,36.062426,-95.856368
1783,ND,STR,47.887188,-97.079468
1784,TX,STR,32.86569,-96.745008
1785,TX,STR,29.547842,-98.663965
1786,TX,STR,29.59646,-95.6272
1787,AL,STR,33.193104,-87.518672
1788,IN,STR,39.760879,-86.341834
1789,IN,STR,39.667855,-86.085026
1790,FL,STR,28.36954,-81.4072
1791,IA,STR,41.647194,-93.767294
1792,IA,STR,42.46542,-92.3272
1793,NC,STR,35.209345,-80.694336
1794,NC,STR,35.90285,-78.7858
1795,FL,STR,29.110413,-81.028067
1796,NY,STR,42.644824,-73.700465
1797,TX,STR,30.47615,-97.7964
1798,NY,STR,40.87353,-73.907803
1799,IL,STR,42.367202,-89.02823
1800,IA,STR,42.448827,-96.333291
1801,IL,STR,42.1621,-88.3388
1802,CT,STR,41.660572,-72.725673
1803,MA,STR,42.503468,-70.919421
1804,OH,STR,41.500477,-81.533377
1805,CA,STR,36.292517,-119.316571
1806,CO,STR,39.708204,-104.937705
1807,NC,STR,35.57295,-82.522312
1808,NY,STR,41.10445,-74.0233
1809,PA,STR,40.101882,-75.010845
1811,TX,STR,33.457924,-94.092134
1812,TX,STR,30.316956,-97.954375
1813,CO,STR,40.393874,-104.750551
1814,UT,STR,40.378504,-111.815253
1815,CA,STR,32.650517,-116.968454
1816,CA,STR,32.813328,-115.567642
1818,NY,STR,40.933102,-72.679359
1819,CA,STR,37.964,-121.738
1820,FL,STR,27.95818,-82.7245
1821,KS,STR,39.171758,-96.605345
1822,NJ,STR,40.824427,-74.135839
1823,NJ,STR,40.131875,-74.220036
1824,NC,STR,35.68757,-78.5792
1825,AL,STR,32.360305,-86.16067
1826,NC,STR,35.865849,-78.567983
1827,VA,STR,38.8952,-77.445838
1828,WV,STR,39.311828,-80.27442
1829,SC,STR,32.935508,-80.036232
1830,NY,STR,43.327893,-73.678541
1831,MN,STR,45.172343,-93.388483
1832,MN,STR,45.165672,-93.232421
1833,MN,STR,44.743707,-93.377421
1834,CA,STR,34.133189,-117.641221
1835,MA,STR,42.194395,-71.774687
1836,TX,STR,32.603229,-96.936694
1837,TX,STR,29.53649,-95.151593
1838,AZ,STR,33.296076,-111.899963
1839,MA,STR,42.357311,-72.547241
1840,MO,STR,38.880085,-94.60723
1841,OH,STR,41.311787,-81.525952
1842,KS,STR,38.853669,-94.681994
1843,CA,STR,33.938916,-117.28174
1845,PA,STR,41.237784,-75.844602
1846,CA,STR,32.74126,-117.055525
1847,OR,STR,45.333101,-122.766997
1848,IN,STR,39.914909,-86.138697
1849,NY,STR,40.684489,-73.97748
1850,TX,STR,32.950951,-96.853854
1851,CA,STR,37.000326,-121.554113
1852,TX,STR,29.353592,-98.436513
1853,FL,STR,30.235,-81.6952
1854,MD,STR,39.056591,-77.114947
1855,ME,STR,44.842191,-68.74156
1856,NY,STR,41.626216,-73.919275
1857,VA,STR,38.468742,-77.408662
1858,VA,STR,38.12851,-78.440993
1859,FL,STR,28.092393,-81.970917
1860,OK,STR,35.556031,-97.640095
1861,TX,STR,33.680506,-96.612217
1862,CA,STR,38.05213,-121.372721
1863,AZ,STR,32.207417,-110.786774
1864,NJ,STR,40.906008,-74.55937
1865,NJ,STR,40.801744,-74.021424
1866,NY,STR,40.750961,-73.419407
1867,CA,STR,33.708582,-116.289698
1868,OR,STR,45.366442,-122.838655
1869,CA,STR,34.071916,-117.206907
1870,SC,STR,34.705739,-82.259611
1871,MD,STR,39.460233,-76.316308
1872,NC,STR,35.966462,-78.959448
1873,VA,STR,38.79473,-77.6068
1874,VA,STR,39.115638,-77.534723
1875,PA,STR,39.965157,-76.778147
1876,LA,STR,30.442442,-90.14066
1877,TX,STR,29.945702,-93.988995
1878,IN,STR,39.162327,-86.49395
1879,IL,STR,41.812935,-87.722548
1880,WI,STR,43.716468,-87.76653
1881,IL,STR,41.542273,-88.202789
1882,IL,STR,41.75014,-87.943448
1883,WA,STR,45.686388,-122.667686
1884,CA,STR,34.090343,-118.344638
1885,NY,STR,40.771682,-73.532945
1886,NJ,STR,40.732336,-74.03572
1887,NY,STR,40.90097,-73.8178
1888,IL,STR,41.95379,-87.8084
1889,IL,STR,41.867718,-87.630707
1890,MD,STR,38.968075,-76.955453
1891,AR,STR,35.086431,-92.414034
1892,NC,STR,35.836291,-78.642612
1893,VA,STR,38.844672,-77.118418
1894,TX,STR,29.96986,-95.6962
1895,WI,STR,43.014838,-87.969611
1896,IL,STR,41.975733,-88.343173
1897,MD,STR,38.848636,-76.886439
1898,MA,STR,42.328872,-71.062845
1901,IA,STR,41.561322,-93.779833
1902,IN,STR,41.62764,-86.229348
1903,IL,STR,41.800457,-88.170151
1904,TX,STR,30.091615,-95.639736
1905,AZ,STR,33.379333,-112.03501
1906,CA,STR,36.324119,-119.675808
1907,TN,STR,35.05064,-89.6904
1908,TX,STR,29.735751,-95.775786
1910,GA,STR,31.984042,-81.175146
1911,IN,STR,39.219441,-85.885239
1912,IL,STR,42.28388,-88.0447
1913,IN,STR,41.567114,-87.507284
1914,MO,STR,38.161805,-92.604264
1915,NY,STR,42.756495,-73.771077
1916,CT,STR,41.350949,-72.871673
1917,NJ,STR,39.968399,-74.914433
1918,FL,STR,28.331561,-81.471396
1919,AR,STR,35.822936,-90.666448
1920,MS,STR,32.343338,-90.060623
1921,FL,STR,30.285361,-81.456998
1922,TX,STR,32.523504,-97.349245
1923,SC,STR,33.981616,-80.968332
1924,IL,STR,41.930371,-87.78927
1925,WI,STR,42.882766,-87.915653
1926,CA,STR,37.8832,-122.307
1927,CA,STR,37.252092,-121.860045
1928,CO,STR,39.886453,-105.078379
1929,NJ,STR,40.548825,-74.426464
1930,MA,STR,42.033714,-71.310581
1931,VA,STR,37.535149,-77.52764
1932,NC,STR,35.744923,-78.877201
1933,IN,STR,41.12216,-85.064
1934,FL,STR,28.228007,-80.720324
1935,FL,STR,26.710874,-80.202491
1936,CA,STR,33.761461,-117.887485
1937,SC,STR,34.93744,-82.279302
1938,MD,STR,39.189988,-76.610587
1939,IA,STR,41.641903,-93.504625
1940,OH,STR,39.65901,-84.1045
1941,FL,STR,26.80586,-80.0829
1942,MA,STR,42.39976,-71.000326
1943,KS,STR,37.67822,-97.4311
1944,KS,STR,37.724216,-97.211489
1945,KS,STR,37.732947,-97.464818
1946,OH,STR,39.387484,-84.50417
1947,WA,STR,47.313592,-122.305539
1948,NY,STR,40.824959,-72.988953
1949,WV,STR,39.649432,-80.000996
1950,IL,STR,42.017305,-88.200911
1951,IL,STR,39.890465,-88.958388
1952,MO,STR,38.620739,-90.517369
1953,TX,STR,30.402109,-97.850225
1954,NY,STR,41.216197,-73.722746
1955,CT,STR,41.280278,-72.987515
1956,CT,STR,41.23354,-73.151677
1957,WA,STR,47.172074,-122.171692
1958,CA,STR,34.152152,-117.472963
1959,AZ,STR,33.322949,-111.689675
1960,AZ,STR,33.27841,-111.786353
1961,CA,STR,33.977914,-117.553818
1962,TX,STR,32.422123,-96.837576
1963,TN,STR,35.89233,-86.880687
1964,GA,STR,33.757275,-84.346626
1965,MA,STR,42.527193,-71.71374
1966,FL,STR,28.79851,-81.3365
1967,FL,STR,28.201413,-82.664354
1968,VA,STR,37.600194,-77.350755
1969,OH,STR,40.038055,-83.123237
1970,MD,STR,39.334698,-76.448058
1971,MI,STR,42.635048,-83.757437
1972,OH,STR,39.971383,-82.89574
1973,FL,STR,30.561288,-84.21554
1974,FL,STR,30.260515,-81.525011
1975,TX,STR,29.686678,-95.462488
1976,CO,STR,39.581773,-104.721865
1977,MO,STR,39.815468,-94.812352
1978,OH,STR,40.065417,-83.020761
1979,TX,STR,29.438798,-98.64903
1980,CA,STR,33.869308,-118.357051
1981,TX,STR,32.727421,-97.78406
1982,TX,STR,30.631512,-97.698122
1983,TN,STR,36.042772,-86.779214
1984,CA,STR,37.340099,-121.840931
2006,NY,STR,40.528857,-74.231899
2007,MD,STR,38.953917,-76.824625
2008,TX,STR,32.814128,-97.429322
2009,NH,STR,42.941002,-71.473513
2010,NE,STR,41.318745,-96.026913
2011,NC,STR,35.448714,-82.535898
2014,MI,STR,42.908317,-85.541157
2015,MI,STR,42.84596,-85.6154
2016,OH,STR,41.420371,-81.895378
2017,VA,STR,38.597376,-77.33311
2018,CA,STR,36.839828,-119.727711
2019,CA,STR,33.943006,-117.996039
2020,CA,STR,34.23479,-118.503
2021,CO,STR,39.788605,-105.112381
2022,FL,STR,26.047983,-80.249459
2023,CO,STR,39.53487,-104.883653
2024,NY,STR,41.317851,-74.1533
2025,MN,STR,45.217556,-93.315988
2026,CA,STR,33.843169,-118.260619
2027,GA,STR,33.527174,-82.118653
2028,IL,STR,41.507197,-87.920631
2029,CO,STR,39.555855,-107.343783
2030,CA,STR,34.394179,-118.464932
2031,NM,STR,35.17275,-106.582
2032,FL,STR,28.595167,-81.288126
2033,MI,STR,42.285239,-83.206598
2034,FL,STR,27.387171,-82.457988
2035,IL,STR,41.545282,-87.795307
2036,GA,STR,33.9305,-84.3413
2037,NC,STR,36.066311,-79.520314
2038,NY,STR,43.211404,-77.451215
2040,FL,STR,27.957042,-82.508311
2041,IA,STR,41.630418,-93.699735
2042,TX,STR,32.755476,-97.354078
2043,KS,STR,38.950386,-94.718861
2044,OH,STR,40.800811,-81.49699
2045,CT,STR,41.235174,-73.038092
2046,MN,STR,44.893758,-93.078516
2048,IN,STR,41.43972,-87.467834
2051,CA,STR,33.6715,-117.956
2052,CO,STR,39.78392,-104.895
2053,TN,STR,35.14642,-85.251508
2055,MS,STR,31.323514,-89.385061
2056,GA,STR,34.097081,-84.173188
2057,TN,STR,36.036859,-83.887806
2058,FL,STR,28.933609,-81.939833
2059,FL,STR,26.48359,-81.7865
2061,OK,STR,35.437104,-97.396634
2062,FL,STR,28.819623,-81.667715
2063,FL,STR,26.270688,-81.740467
2064,FL,STR,27.836842,-82.684696
2065,FL,STR,26.593154,-80.202937
2066,TX,STR,29.968063,-95.531155
2067,FL,STR,26.52584,-80.166
2068,IN,STR,38.327641,-85.764438
2069,NC,STR,35.903257,-78.956402
2070,OH,STR,39.876607,-83.037458
2071,VA,STR,38.425876,-78.843
2072,PA,STR,40.026216,-76.203447
2073,RI,STR,41.937475,-71.478671
2074,NC,STR,35.019985,-80.580866
2075,PA,STR,39.991215,-75.089745
2076,NY,STR,41.505295,-74.058212
2077,PA,STR,40.535463,-80.067772
2078,IL,STR,41.835613,-87.674869
2079,IL,STR,41.990786,-87.682837
2080,NC,STR,35.34966,-80.8596
2081,IL,STR,41.85481,-87.8516
2082,CA,STR,33.857675,-118.001071
2083,AZ,STR,32.704743,-114.60538
2084,AL,STR,34.559064,-86.97103
2085,FL,STR,30.390741,-86.480935
2086,OH,STR,39.988048,-82.785363
2087,IL,STR,41.720997,-87.724964
2088,CA,STR,37.339164,-121.905016
2089,LA,STR,30.441249,-91.022367
2090,NC,STR,35.037398,-80.80772
2091,GA,STR,34.039709,-84.683783
2092,FL,STR,26.319517,-80.151457
2093,TX,STR,29.774663,-95.384816
2095,OK,STR,36.28964,-95.843956
2096,CA,STR,37.713358,-120.953282
2098,MO,STR,36.673721,-93.225692
2099,PA,STR,40.195509,-77.157597
2100,PA,STR,40.680831,-80.312081
2101,MN,STR,45.00766,-93.1637
2102,NY,STR,40.772668,-73.202259
2103,MO,STR,38.768412,-90.768416
2104,NJ,STR,40.012534,-74.958721
2105,MI,STR,42.78726,-83.736928
2106,WI,STR,43.0137,-89.4819
2108,NC,STR,36.11382,-79.8768
2109,FL,STR,25.853786,-80.317161
2110,OR,STR,45.012261,-122.995054
2111,NC,STR,35.79819,-78.509218
2112,TX,STR,27.51611,-99.451807
2113,MI,STR,42.63058,-82.9126
2114,PA,STR,40.320843,-79.688342
2115,CA,STR,38.640887,-121.499327
2118,FL,STR,28.172888,-82.470324
2119,OH,STR,41.040621,-81.690793
2120,NH,STR,42.928188,-72.301906
2121,GA,STR,33.985,-84.42961
2122,IL,STR,42.073721,-88.193046
2123,UT,STR,40.541497,-111.978082
2124,PA,STR,40.006086,-75.212145
2125,NE,STR,41.260872,-96.025386
2126,TN,STR,36.168508,-86.508374
2127,MA,STR,42.495264,-73.206116
2128,CA,STR,33.64795,-117.740077
2129,GA,STR,33.436865,-84.590146
2130,ME,STR,43.934038,-69.985271
2131,PA,STR,40.211011,-75.497971
2132,NC,STR,35.1004,-80.985799
2133,MD,STR,38.541484,-76.982492
2134,NC,STR,36.109746,-80.099962
2135,MN,STR,44.996899,-92.945956
2136,WA,STR,47.11346,-122.292
2137,GA,STR,33.792608,-84.399931
2138,VA,STR,38.22492,-77.5018
2139,TX,STR,29.735151,-95.517449
2140,AZ,STR,32.27986,-110.977
2141,NJ,STR,40.715486,-74.284732
2142,TX,STR,33.129074,-96.731176
2143,CA,STR,34.19164,-118.603
2144,TX,STR,29.919296,-95.604957
2145,TX,STR,33.189952,-97.098768
2146,FL,STR,26.284717,-80.2042
2147,CA,STR,34.033547,-117.912146
2149,AZ,STR,33.423059,-112.269381
2150,UT,STR,40.610652,-111.984111
2151,CA,STR,33.69995,-117.828042
2152,TX,STR,25.9686,-97.509487
2153,AL,STR,33.608825,-85.783182
2154,AL,STR,30.303574,-87.680528
2155,FL,STR,30.630008,-81.553842
2156,CT,STR,41.58254,-73.034321
2157,OH,STR,41.237455,-81.352747
2158,NY,STR,42.152921,-76.873337
2159,OH,STR,41.420935,-82.672811
2161,OH,STR,41.357756,-81.386676
2163,CA,STR,33.62332,-117.682
2164,NV,STR,36.04072,-115.194644
2165,CA,STR,33.13671,-117.228517
2166,ME,STR,43.474,-70.5141
2167,MA,STR,41.63729,-71.003268
2168,NC,STR,35.740634,-77.965368
2169,NC,STR,35.417124,-80.678476
2170,NJ,STR,39.420673,-75.040967
2171,GA,STR,33.824116,-84.363145
2172,PA,STR,39.88078,-75.528
2173,MA,STR,42.110519,-70.927683
2174,GA,STR,33.63339,-84.016216
2175,VA,STR,38.3448,-77.4932
2176,AZ,STR,33.430441,-111.905248
2177,IL,STR,41.797576,-88.364632
2178,MI,STR,42.603898,-83.293397
2179,CA,STR,34.005008,-117.821076
2180,MN,STR,45.293475,-93.772811
2181,NJ,STR,39.747347,-74.994064
2182,NH,STR,43.235048,-70.884519
2183,CO,STR,39.956316,-104.7798
2184,PA,STR,39.907944,-79.757993
2185,CA,STR,37.666285,-122.120084
2186,PA,STR,40.246129,-76.806682
2187,TX,STR,29.606476,-98.597432
2188,FL,STR,25.810344,-80.193643
2189,MN,STR,44.935929,-93.392737
2190,TX,STR,33.547794,-101.953281
2191,NY,STR,42.879326,-78.698331
2192,WA,STR,48.149416,-122.192027
2193,MN,STR,45.136208,-93.474429
2194,ND,STR,46.799078,-100.783506
2195,CA,STR,33.689146,-117.341996
2196,FL,STR,25.94055,-80.2911
2197,CO,STR,39.958717,-104.995118
2199,WI,STR,42.99674,-88.0448
2200,MN,STR,45.0659,-93.2512
2201,PA,STR,40.526686,-80.007524
2202,PA,STR,40.25005,-77.0107
2203,VA,STR,36.659011,-76.234037
2204,AR,STR,34.60426,-92.531
2205,TX,STR,29.547754,-95.751454
2206,ID,STR,43.610162,-116.589454
2207,MI,STR,42.512896,-83.225026
2208,FL,STR,30.219781,-85.868686
2210,FL,STR,26.533378,-80.088374
2211,NY,STR,43.198015,-77.573885
2212,NY,STR,40.631538,-73.946639
2213,CT,STR,41.89121,-72.6521
2214,CA,STR,38.870468,-121.30378
2216,TX,STR,31.759186,-106.265312
2217,IN,STR,41.11128,-85.1382
2218,CO,STR,40.15302,-105.134
2219,CO,STR,39.513087,-104.771791
2220,OK,STR,35.236043,-97.482709
2221,CO,STR,38.97338,-104.746
2222,KS,STR,39.127235,-94.831829
2223,MN,STR,45.045408,-93.529583
2224,TX,STR,26.24457,-98.2544
2225,CO,STR,39.746722,-105.055446
2226,OH,STR,41.46842,-81.771174
2227,AZ,STR,33.709473,-112.27532
2228,OH,STR,41.458019,-81.689439
2229,MN,STR,44.95349,-93.1558
2230,MI,STR,42.366765,-83.33477
2231,WV,STR,40.056346,-80.599357
2232,CA,STR,32.6545,-117.06489
2233,FL,STR,30.199232,-81.824713
2234,TX,STR,32.908541,-96.558085
2235,FL,STR,27.89536,-82.333087
2236,AZ,STR,33.63865,-112.069
2237,TX,STR,26.197203,-98.283669
2238,CA,STR,37.30786,-121.813
2239,TX,STR,29.65331,-98.445
2240,TN,STR,36.135103,-86.891363
2241,PA,STR,39.942443,-77.631706
2243,TX,STR,32.642824,-97.060569
2244,NC,STR,35.214505,-80.834873
2245,CA,STR,34.0758,-117.561778
2246,PA,STR,40.459124,-75.372737
2247,NJ,STR,40.989761,-74.325836
2248,FL,STR,27.26994,-80.427
2249,CT,STR,41.340446,-73.078943
2250,VA,STR,38.48338,-77.966828
2251,WI,STR,42.56441,-87.9284
2252,CA,STR,37.15759,-121.654
2253,NY,STR,43.970236,-75.962716
2254,MI,STR,42.561977,-83.085314
2255,MO,STR,38.536581,-90.982956
2256,NJ,STR,40.381514,-74.575909
2258,MA,STR,42.152383,-71.073541
2259,DC,STR,38.929275,-77.032746
2260,CA,STR,34.527472,-117.217228
2261,CO,STR,39.649625,-105.005927
2262,PA,STR,40.642337,-79.941313
2264,FL,STR,28.521262,-81.584843
2265,FL,STR,26.297052,-80.252135
2266,OH,STR,41.458387,-81.850181
2267,MA,STR,42.02714,-71.1438
2268,CA,STR,38.549896,-121.536702
2269,FL,STR,28.551849,-80.840758
2270,CA,STR,38.650214,-121.06288
2271,MD,STR,38.97988,-76.541035
2272,VA,STR,39.009216,-77.439655
2273,LA,STR,32.559018,-93.707071
2274,AL,STR,32.457557,-86.395508
2275,CA,STR,33.879653,-118.218942
2276,AL,STR,33.224895,-86.803977
2277,SC,STR,34.00679,-81.1938
2278,TX,STR,31.0926,-97.3855
2279,FL,STR,30.601174,-87.126274
2280,CA,STR,33.922567,-118.321126
2281,CA,STR,37.303989,-121.865807
2283,TX,STR,32.548638,-94.724801
2284,AR,STR,35.341003,-94.388125
2287,MA,STR,42.740784,-71.161323
2288,TX,STR,30.162592,-97.793568
2289,FL,STR,28.015839,-82.612749
2290,WA,STR,47.496772,-122.200399
2292,MA,STR,41.773672,-70.745562
2294,VA,STR,38.05631,-78.9422
2295,NY,STR,43.161815,-76.122579
2296,VA,STR,37.258955,-76.641055
2297,VA,STR,38.9635,-78.1924
2299,MN,STR-V,44.97391,-93.2757
2300,MN,STR,44.88548,-93.2494
2301,GA,STR,31.200848,-81.480392
2302,PA,STR,40.397293,-75.928869
2303,NE,STR,40.728421,-96.66528
2304,CA,STR,33.745618,-118.012257
2305,CT,STR,41.81886,-73.0755
2306,CA,STR,36.667156,-121.810383
2307,CA,STR,34.143081,-118.259088
2308,VA,STR,36.636704,-82.109602
2309,CA,STR,33.937658,-117.189116
2310,MD,STR,38.7822,-76.0864
2312,PA,STR,39.914902,-75.350763
2313,MN,STR,44.87547,-93.3236
2314,WA,STR,46.258391,-119.313294
2315,ME,STR,44.312403,-69.804993
2316,FL,STR,26.669695,-81.932793
2317,FL,STR,26.406256,-81.806168
2319,CA,STR,33.816819,-118.182166
2320,TX,STR,29.46577,-95.0852
2321,MN,STR,43.954523,-92.464843
2322,OH,STR,41.686438,-81.293072
2323,VA,STR,38.739441,-77.532044
2324,NY,STR,43.04706,-76.2362
2325,MA,STR,42.788072,-71.115959
2326,NE,STR,41.289685,-96.179389
2327,MI,STR,43.160374,-86.208562
2328,CA,STR,33.80924,-118.286
2329,CA,STR,34.273338,-118.502939
2330,IL,STR,38.526186,-90.032675
2331,GA,STR,32.04093,-81.0683
2332,TN,STR,36.551845,-82.493877
2333,GA,STR,33.906136,-84.380141
2334,TX,STR,32.649886,-96.863018
2335,TX,STR,33.2201,-96.6382
2337,VA,STR,37.639008,-77.511354
2338,TX,STR,33.17361,-96.8449
2339,AK,STR,61.578202,-149.404066
2340,MN,STR,44.7488,-93.2888
2341,AZ,STR,33.580184,-112.152971
2342,TX,STR,30.528318,-97.813337
2343,CO,STR,38.443756,-107.86855
2345,MO,STR,38.81917,-90.880355
2346,OH,STR,40.983634,-81.49522
2347,CA,STR,37.808538,-121.299057
2348,WI,STR,42.598115,-88.415303
2349,CA,STR,36.224534,-119.314579
2350,CA,STR,34.574355,-118.047839
2351,OH,STR,41.41366,-82.241791
2354,AZ,STR,33.520769,-112.096798
2355,AL,STR,33.605595,-86.80623
2356,TX,STR,30.216879,-95.565289
2357,OK,STR,36.055236,-96.001883
2358,OH,STR,39.990764,-83.149457
2359,CA,STR,37.054585,-120.875379
2360,TN,STR,35.979397,-86.571713
2361,CT,STR,41.228735,-73.225326
2362,TN,STR,35.74154,-86.937825
2363,FL,STR,26.510365,-81.945624
2364,FL,STR,29.477203,-81.218432
2365,AZ,STR,33.254419,-111.641632
2366,FL,STR,28.232819,-81.643913
2367,TN,STR,35.217441,-84.866113
2368,AZ,STR,35.051939,-114.592099
2369,FL,STR,26.615149,-81.801196
2370,FL,STR,28.344167,-81.614219
2371,AK,STR,61.226817,-149.745678
2372,AK,STR,61.129094,-149.881696
2373,IL,STR,41.963561,-87.656393
2374,TX,STR,31.073937,-97.66253
2375,AL,STR,33.334428,-86.990326
2376,FL,STR,28.51585,-81.3795
2377,LA,STR,30.265299,-91.995832
2378,IL,STR,41.662813,-88.464549
2379,VA,STR,39.221962,-78.135246
2380,NY,STR,40.795561,-73.931192
2381,NJ,STR,40.915876,-74.061134
2382,NY,STR,43.015991,-78.201993
2383,NE,STR,41.214297,-96.108691
2384,NJ,STR,39.764985,-75.132122
2385,PA,STR,40.537955,-79.837073
2386,CA,STR,37.341514,-120.610705
2387,GA,STR,34.178722,-83.911284
2388,WI,STR,42.903914,-88.037063
2389,TX,STR,30.000453,-95.172219
2390,MN,STR,44.72331,-93.1754
2391,IN,STR,39.866403,-86.119702
2392,NJ,STR,39.710389,-74.28476
2394,MD,STR,38.67245,-76.8732
2395,NC,STR,34.999776,-80.69596
2396,VA,STR,36.75582,-76.009786
2397,CA,STR,33.91612,-117.957
2398,CA,STR,34.27049,-119.249
2399,PA,STR,40.63911,-75.4396
2400,AZ,STR,33.437407,-112.421869
2403,CO,STR,40.527099,-105.02242
2404,NV,STR,36.038477,-114.994098
2406,MN,STR,44.939486,-92.908822
2407,VA,STR,36.599244,-79.418579
2408,CA,STR,38.672209,-121.725313
2409,TX,STR,30.392679,-97.744668
2410,HI,STR,21.3557,-157.929
2411,HI,STR,21.331578,-158.092822
2412,HI,STR,19.648413,-156.002854
2414,IL,STR,38.572074,-89.986828
2415,MI,STR,42.269635,-83.502964
2418,PA,STR,40.051333,-75.058631
2419,TX,STR,29.733015,-95.626743
2420,CA,STR,36.07866,-119.047
2421,CA,STR,33.831712,-117.942535
2422,OK,STR,36.066905,-95.775939
2423,MO,STR,39.257692,-94.654643
2424,CA,STR,33.877571,-118.166633
2425,TX,STR,32.74899,-97.432039
2426,TX,STR,29.493253,-98.709562
2427,FL,STR,26.72269,-80.085
2428,TX,STR,30.664818,-96.32209
2429,TX,STR,29.73089,-98.073444
2430,RI,STR,41.722392,-71.47641
2431,GA,STR,34.099447,-84.269227
2432,CT,STR,41.839019,-71.883778
2433,CT,STR,41.585192,-71.99693
2434,CT,STR,41.611472,-72.901357
2436,VA,STR,37.530964,-77.35611
2437,PA,STR,41.2438,-76.8352
2438,TX,STR,29.846426,-97.970298
2439,PA,STR,40.842348,-76.837848
2440,IN,STR,41.076805,-85.20336
2442,MS,STR,34.964928,-89.898693
2445,FL,STR,30.363162,-87.358086
2446,NJ,STR,40.8465,-74.8083
2448,KS,STR,37.568922,-97.241693
2449,MN,STR,44.840873,-93.770344
2450,OH,STR,39.934578,-82.792794
2451,NY,STR,40.757285,-73.83417
2454,IA,STR,41.220723,-95.838976
2455,CA,STR,38.554434,-121.69929
2456,MN,STR,45.278232,-93.563492
2457,SD,STR,44.098721,-103.188443
2458,CO,STR,39.592002,-104.804946
2459,NY,STR,44.702338,-73.491875
2460,OK,STR,35.481206,-97.763445
2461,NY,STR,42.965271,-74.190215
2462,CA,STR,34.273194,-118.797049
2463,CA,STR,38.59605,-121.286
2465,CA,STR,32.822049,-117.179293
2467,TX,STR,29.517056,-98.504488
2468,CA,STR,34.425036,-117.383994
2469,CA,STR,36.358716,-119.295256
2470,CA,STR,33.760087,-118.293472
2471,CA,STR,33.680105,-117.172837
2472,NV,STR,39.535435,-119.716892
2473,KY,STR,38.25864,-85.6421
2474,TN,STR,35.101357,-89.862978
2475,NY,STR,40.82341,-73.930513
2476,GA,STR,34.234597,-84.456684
2478,VA,STR,37.51178,-77.692738
2479,CA,STR,34.09797,-118.30943
2480,MA,STR,42.623622,-71.318304
2482,CA,STR,33.918693,-117.886971
2483,KY,STR,39.088746,-84.477503
2485,MS,STR,30.454942,-88.899895
2486,OH,STR,39.378464,-84.220507
2487,OH,STR,40.081487,-82.849515
2488,OH,STR,39.144703,-84.619454
2489,FL,STR,28.479153,-82.479327
2490,IL,STR,41.867936,-87.88726
2491,WI,STR,43.170684,-89.267363
2492,CA,STR,38.549206,-121.426579
2493,GA,STR,33.942788,-83.752011
2494,TX,STR,29.60213,-95.26457
2495,TX,STR,30.467371,-97.598124
2496,PA,STR,40.05259,-75.665338
2497,NV,STR,36.288669,-115.133095
2498,AR,STR,36.299936,-94.173146
2499,CA,STR,33.603888,-117.173596
2501,VA,STR,37.042442,-76.392446
2503,AL,STR,33.361598,-86.852559
2504,MN,STR-V,44.97391,-93.2757
2505,MN,STR-V,44.97391,-93.2757
2506,MN,STR-V,44.97391,-93.2757
2508,MN,STR-V,44.97391,-93.2757
2509,MN,STR-V,44.97391,-93.2757
2510,MN,STR-V,44.97391,-93.2757
2511,MN,STR-V,44.97391,-93.2757
2512,MN,STR-V,44.97391,-93.2757
2513,MN,STR-V,44.97391,-93.2757
2516,TX,STR,33.123517,-96.662084
2519,MN,STR,44.836017,-93.08777
2520,TX,STR,33.064037,-96.885036
2523,OR,STR,45.57659,-122.564823
2524,CA,STR,35.336984,-119.036604
2525,MO,STR,39.023798,-94.248863
2526,IA,STR,42.481499,-92.443661
2527,PA,STR,40.076229,-75.155305
2528,NY,STR,43.104625,-77.74614
2529,PA,STR,40.308325,-75.859418
2530,NH,STR,43.048951,-70.818587
2531,LA,STR,30.480532,-90.461589
2532,MA,STR,42.137401,-70.83883
2533,TX,STR,30.70689,-95.566244
2534,LA,STR,30.017065,-90.247514
2536,PA,STR,40.712682,-75.28814
2537,PA,STR,40.049365,-75.520028
2538,WV,STR,39.437745,-77.991967
2540,SD,STR,43.539039,-96.654829
2542,OK,STR,36.018796,-95.884218
2544,MI,STR,42.50366,-83.0833
2545,PA,STR,40.132429,-76.307023
2546,WI,STR,42.98974,-88.2592
2547,FL,STR,28.038122,-80.661401
2548,PA,STR,40.269058,-75.656297
2550,TX,STR,33.009179,-96.593495
2557,OH,STR,39.224018,-84.395519
2559,IL,STR,41.95511,-88.725
2565,NC,STR,35.2642,-81.1383
2567,PA,STR,39.82736,-76.998255
2568,NV,STR,36.003399,-115.085183
2569,NV,STR,36.272988,-115.209482
2570,MA,STR,42.348748,-71.504967
2572,TX,STR,32.81346,-96.6216
2581,CA,STR,37.418112,-121.955506
2584,CA,STR,37.3738,-122.033062
2586,WI,STR,43.0875,-88.0641
2596,PA,STR,40.09495,-75.365521
2601,CA,STR,38.244654,-122.626402
2604,CA,STR,38.804951,-121.208694
2605,CA,STR,37.25041,-121.803374
2607,MA,STR,41.749066,-71.207427
2608,PA,STR,40.566187,-75.560862
2609,UT,STR,40.7139,-112.0234
2613,IL,STR,41.903848,-87.643453
2615,CA,STR,37.502219,-121.968037
2627,CA,STR,34.135589,-117.907781
2631,MD,STR,39.0341,-76.684
2632,CA,STR,33.9853,-118.394695
2641,UT,STR,40.744916,-111.901664
2649,MA,STR,42.2045,-71.1553
2660,HI,STR,20.8746,-156.455
2682,HI,STR,19.700501,-155.059235
2693,MA,STR,42.22142,-71.021844
2697,HI,STR,21.391429,-157.739416
2715,CA,STR,35.34998,-119.125
2716,CO,STR,39.549552,-105.005107
2717,CO,STR,39.708369,-105.079511
2721,NC,STR,35.805402,-78.816133
2725,TX,STR,30.011692,-97.864363
2727,OK,STR,35.318058,-97.50025
2728,KY,STR,38.24605,-85.515
2729,MA,STR,42.589718,-71.159895
2730,CA,STR,33.463108,-117.606739
2737,AR,STR,34.749789,-92.345077
2739,OK,STR,34.629286,-98.494914
2742,SC,STR,33.653935,-78.98049
2744,CA,STR,36.83473,-119.912566
2747,AZ,STR,33.25002,-111.838331
2753,NY,STR,40.574684,-74.16763
2754,TX,STR,32.90212,-97.32478
2757,PA,STR,40.460865,-79.922276
2759,CA,STR,35.252332,-120.685356
2760,CA,STR,34.242389,-119.178012
2764,DE,STR,39.67894,-75.649576
2765,WI,STR,43.074785,-89.45352
2766,CA,STR,37.784642,-122.404002
2767,CA,STR,37.828334,-122.289127
2768,CA,STR,37.781863,-122.44705
2769,MN,STR-V,44.97391,-93.2757
2770,VA,STR,36.844625,-76.133441
2771,CA,STR,37.703228,-121.853195
2772,CA,STR,37.955143,-122.490585
2774,CA,STR,34.063027,-118.444199
2775,CA,STR,34.0743,-118.3755
2776,CA,STR,34.048833,-118.261007
2779,OR,STR,45.612967,-122.682361
2780,WI,STR,43.034218,-88.071795
2781,IL,STR,41.877739,-87.654667
2784,NC,STR,35.844771,-78.885305
2785,NC,STR,35.66058,-78.851383
2786,WA,STR,47.608941,-122.339058
2787,PA,STR,40.344245,-80.057074
2790,VA,STR,38.872567,-77.229434
2791,OR,STR,45.520151,-122.681848
2795,CA,STR,36.974784,-121.968761
2796,AL,STR,33.467692,-86.774917
2799,IL,STR,41.881699,-87.627409
2802,CA,STR,33.069927,-117.065291
2803,TX,STR,29.488814,-98.447283
2804,CA,STR,38.456614,-122.730368
2805,NY,STR,42.866616,-73.930923
2810,CA,STR,34.148119,-118.793939
2811,NY,STR,40.824145,-73.837659
2813,NM,STR,35.101583,-106.568088
2815,TN,STR,35.862042,-84.078239
2816,AL,STR,34.749313,-86.755874
2818,MI,STR,42.882214,-85.740767
2820,CO,STR,39.655327,-104.900255
2822,MA,STR,42.344172,-71.099961
2824,IL,STR,40.672011,-89.583848
2829,CA,STR,37.788701,-122.280262
2830,CA,STR,37.350298,-121.96087
2831,CA,STR,34.034637,-117.756544
2840,NY,STR,40.66425,-73.7201
2843,FL,STR,25.672791,-80.322582
2844,NY,STR,40.827801,-73.406064
2845,MD,STR,39.275284,-76.565947
2847,NY,STR,40.76651,-73.067159
2848,FL,STR,25.771189,-80.359793
2850,NY,STR,40.6906,-73.983
2851,OH,STR,40.143117,-83.094907
2853,NJ,STR,40.435819,-74.504829
2855,CA,STR,33.020167,-117.125633
2857,WA,STR,47.6096,-117.365
2860,IL,STR,42.279153,-87.873827
2865,TX,STR,30.087472,-95.52035
2867,PA,STR,40.068111,-76.311442
2868,TX,STR,29.658214,-95.71077
2869,CA,STR-V,34.15283,-117.42943
2870,HI,STR,21.292351,-157.842055
2871,CA,STR,33.247039,-117.293228
2872,CA,STR,34.428567,-119.867619
2873,NC,STR,35.898387,-78.651234
2875,DE,STR,39.73602,-75.624952
2877,WI,STR,43.121446,-87.913061
2878,NJ,STR,39.325122,-74.595368
2880,ME,STR,44.124102,-70.22299
2881,NJ,STR,40.760181,-74.158492
2882,TX,STR,29.872263,-95.75971
2886,PA,STR,40.312797,-76.426416
2888,HI,STR,21.420435,-157.804301
2891,CA,STR,39.199997,-121.061347
3002,CA,STR-V,37.37159,-121.94494
3004,MN,STR-V,44.94686,-92.9139
3005,AZ,STR-V,32.1009,-110.699
3006,GA,STR-V,32.17389,-81.1756
3007,CA,STR-V,34.04602,-117.572
3009,KY,STR-V,39.07851,-84.6775
3010,IL,STR-V,38.79346,-90.0763
3011,TN,STR-V,35.00067,-89.8857
3012,PA,STR-V,39.93301,-76.8204
3013,OR,STR-V,44.5776,-123.109
3014,TX,STR-V,32.44639,-97.0406
3015,SC,STR-V,34.06675,-81.1648
3017,MN,STR-V,44.97385,-93.2758
3018,KS,STR-V,38.96679,-95.6948
3019,VA,STR-V,38.03118,-78.9986
3021,NY,STR-V,43.17811,-73.7178
3022,CA,STR-V,38.68211,-121.723
3023,TX,STR-V,32.46594,-95.4183
3024,NC,STR-V,35.62474,-81.3116
3026,AL,STR-V,34.65199,-86.8438
3027,IN,STR-V,39.74688,-86.294
3028,WI,STR-V,43.07658,-88.4684
3029,MI,STR-V,NULL,NULL
3030,AZ,STR-V,33.44847,-112.221
3032,HI,DC,21.479373,-158.016369
3033,IL,STR-V,41.49306,-88.141
3036,CA,STR-V,33.88773,-117.26984
3037,NJ,STR-V,39.78992,-75.34374
3039,NULL,STR-V,NULL,NULL
3044,TX,STR-V,32.97303,-97.30823
3060,NJ,STR-V,40.08779,-74.82
3064,IL,STR-V,41.82879,-87.7241
3075,IL,STR-V,41.47838,-88.1593
3095,NJ,STR-V,40.627381,-74.307959
3200,MN,STR,44.981616,-93.235075
3201,CA,STR,37.79107,-122.40086
3202,CA,STR,37.86955,-122.26773
3203,CA,STR,37.725161,-122.461319
3204,MN,STR,44.917612,-93.188251
3205,CA,STR,32.72686,-117.12904
3206,PA,STR,39.95179,-75.17206
3207,IL,STR,41.890953,-87.617418
3208,IL,STR,41.940098,-87.651389
3210,VA,STR,38.8946,-77.0743
3211,MD,STR,38.982252,-76.937615
3212,PA,STR,39.950275,-75.159817
3214,IL,STR,41.9416,-87.667
3216,CA,STR,34.06264,-118.286131
3217,CA,STR,34.024306,-118.285114
3218,CA,STR,34.257728,-118.46666
3219,IL,STR,41.7996,-87.5934
3221,IL,STR,41.931421,-87.644556
3222,MA,STR,42.364561,-71.102575
3223,MA,STR,42.288297,-71.126748
3224,CA,STR,37.3235,-122.0113
3225,CA,STR,33.7744,-118.11967
3226,MA,STR,42.350679,-71.114022
3227,PA,STR,39.96163,-75.172693
3229,NY,STR,40.7147,-74.0112
3230,NY,STR,40.720897,-73.847121
3231,CA,STR,34.04353,-118.456571
3233,CA,STR,33.649956,-117.838337
3234,PA,STR,40.7925,-77.8618
3235,NJ,STR,40.9712,-73.9578
3236,NY,STR,40.6558,-73.5716
3237,NY,STR,40.7087,-73.7038
3238,FL,STR,29.653539,-82.338389
3239,MN,STR,44.948763,-93.296179
3240,CA,STR,37.873777,-122.510796
3241,NC,STR,35.912174,-79.057131
3242,MD,STR,38.978419,-77.090702
3243,NY,STR,40.608593,-73.958472
3244,OH,STR,40.001016,-83.008056
3247,PA,STR,40.044429,-75.232731
3249,NY,STR,40.730125,-73.98019
3250,TX,STR,30.283605,-97.741641
3251,CA,STR,34.16904,-118.348002
3252,IL,STR,42.040417,-87.751225
3253,MA,STR,42.494932,-71.103401
3254,OH,STR,39.128041,-84.51723
3255,NC,STR,35.788206,-78.668787
3257,VA,STR,38.879577,-77.113826
3258,CA,STR,33.787208,-117.825177
3259,NY,STR,40.841203,-73.704459
3261,AZ,STR,33.507522,-112.046462
3262,CA,STR,34.122936,-118.225142
3263,PA,STR,39.938349,-75.167176
3264,CA,STR,37.726614,-122.476464
3265,CA,STR,37.460057,-122.135466
3267,CA,STR,37.869961,-122.283755
3268,NY,STR,40.761342,-73.99456
3269,FL,STR,25.774969,-80.13913
3270,IL,STR,41.888068,-87.803848
3272,IL,STR,41.999244,-87.661
3273,FL,STR,30.448655,-84.313556
3274,CA,STR,33.837778,-117.885689
3275,WA,STR,47.612535,-122.184601
3276,NY,STR,40.61957,-73.989712
3277,NY,STR,40.750245,-73.989309
3278,MI,STR,42.734922,-84.481842
3279,CO,STR,39.745186,-104.991767
3280,NY,STR,40.746818,-73.883431
3281,OR,STR,45.497495,-122.634097
3283,IL,STR,42.047754,-87.682064
3284,NY,STR,40.716204,-73.986877
3285,PA,STR,39.959808,-75.147846
3286,WA,STR,47.662326,-122.313442
3287,MA,STR,42.42072,-71.09902
3288,CA,STR,34.079057,-118.279319
3290,NJ,STR,40.86174,-74.388087
3291,NY,STR,40.62374,-74.139574
3292,TX,STR,32.864491,-96.807364
3293,CA,STR,34.20513,-118.19927
3294,CA,STR,34.049677,-118.343739
3295,VA,STR,38.879821,-77.176845
3296,NJ,STR,39.901464,-75.062978
3297,CA,STR,37.770189,-122.415773
3298,CA,STR,34.440028,-119.750853
3302,CA,STR,32.748369,-117.128943
3303,CA,STR,32.745381,-117.24844
3304,MA,STR,42.388648,-71.118659
3305,MA,STR,42.484104,-71.186185
3306,VT,STR,44.466154,-73.18226
3307,IL,STR,41.903654,-87.669295
3308,DC,STR,38.935992,-77.058198
3309,IN,STR,40.424212,-86.908322
3310,PA,STR,40.045386,-75.408429
3312,NY,STR,40.768169,-73.961505
3313,KY,STR,38.043272,-84.5032
3314,IL,STR,41.974771,-87.744032
3315,CA,STR,33.562615,-117.671648
3316,UT,STR,40.251613,-111.666349
3317,IL,STR,41.926104,-87.702909
3318,NY,STR,40.866037,-73.050659
3319,CA,STR,32.713365,-117.010933
3320,DC,STR,38.916485,-76.981786
3321,NY,STR,40.741484,-73.978092
3323,NV,STR,36.104745,-115.172551
3324,MA,STR,41.666927,-70.294616
3325,MA,STR,42.275401,-71.029299
3326,NY,STR,40.636286,-73.927667
3327,WA,STR,47.668911,-122.375774
3328,DC,STR,38.984459,-77.026993
3329,NY,STR,40.849318,-73.934066
3330,CA,STR,37.815255,-122.263731
3333,CT,STR,41.783976,-72.748229
3334,NY,STR,40.770074,-73.98245
3335,TX,STR,29.886186,-97.941448
3336,CA,STR,33.901493,-118.350709
3338,CA,STR,34.028327,-118.486493
3339,MD,STR,38.806012,-76.983535
3341,IL,STR,40.110204,-88.230259
3342,TX,STR,30.264076,-97.734203
3343,CA,STR,33.964768,-118.353068
3344,CA,STR,34.015417,-118.492677
3345,CA,STR,34.161641,-118.512719
3346,CA,STR,34.101948,-118.342672
3347,CA,STR,34.044258,-118.379157
3348,NULL,STR,NULL,NULL
3349,IL,STR,41.921628,-87.643178
3350,FL,STR,25.75493,-80.259186
3351,DC,STR,38.94841,-77.080542
3353,CA,STR,37.70032,-122.48288
3354,FL,STR,28.396049,-81.485193
3355,CA,STR,38.710336,-120.843335
3356,NY,STR,40.593615,-74.001191
3358,OR,STR,45.533679,-122.621578
3359,CA,STR,34.066618,-118.344355
3360,CA,STR,33.773421,-118.376618
3362,GA,STR,33.957696,-83.376558
3363,MA,STR,42.299241,-71.062748
3365,UT,STR,40.722378,-111.856082
3366,CA,STR,33.498468,-117.659469
3368,MA,STR,42.361045,-71.0626
3369,CA,STR,32.879728,-117.236809
3371,CA,STR,33.955706,-118.395791
3372,NY,STR,40.703792,-73.798585
3374,IA,STR,41.659984,-91.53419
3375,TX,STR,29.741127,-95.409573
3376,UT,STR,40.646102,-111.940181
3378,FL,STR,28.379567,-81.61699
3381,OR,STR,45.520127,-122.68181
3382,NY,STR,40.626563,-73.738597
3384,CA,STR,38.57781,-121.483561
3385,NY,STR,40.7568,-73.988212
3386,CO,STR,39.67082,-104.939056
3387,NY,STR,40.779116,-73.955141
3389,PA,STR,40.00322,-75.283075
3391,CA,STR,33.632402,-117.916925
3392,PA,STR,40.43939,-79.998903
3393,CA,STR,34.069283,-118.265935
3394,NY,STR,40.794128,-73.96633
3395,NY,STR,40.862576,-73.896274
3396,FL,STR,27.498201,-82.634863
3399,NY,STR,40.991604,-73.673314
3400,HI,STR,21.968771,-159.376905
3401,NH,STR,43.633682,-72.322002
3402,IL,STR,41.893415,-87.633009
3403,CO,STR,39.717432,-104.904373
3404,NY,STR,40.650472,-73.959584
3405,WI,STR,43.07494,-89.39611
3406,CA,STR,33.990229,-118.217267
3407,ID,STR,46.734048,-117.031286
3408,NJ,STR,40.165738,-74.050842
3409,WY,STR,43.469629,-110.789506
3410,CA,STR,37.048364,-122.031931
3411,NY,STR,40.725155,-73.996741
3413,OR,STR,45.526053,-122.808099
3414,NC,STR,NULL,NULL
3415,MI,STR,42.279427,-83.740708
3416,CO,STR,40.582317,-105.076255
3419,MD,STR,38.976513,-76.319509
3421,AL,STR,NULL,NULL
3422,CA,STR,33.686081,-117.990423
3424,FL,STR,25.480481,-80.438294
3427,CA,STR,34.187918,-118.397453
3428,SC,STR,32.78045,-79.933401
3429,NY,STR,NULL,NULL
3430,VA,STR,38.865497,-77.062437
3433,NY,STR,40.747295,-73.944317
3437,OH,STR,41.463349,-81.486302
3441,LA,STR,30.39073,-90.08618
3442,MA,STR,NULL,NULL
3445,CA,STR,33.8874,-117.828151
3680,IL,DC,41.66434,-88.13318
3681,PA,DC,NULL,NULL
3683,TX,DC,NULL,NULL
3684,GA,DC,NULL,NULL
3686,WA,DC,47.33209,-122.23
3687,NJ,DC,40.49073,-74.36452
3691,CA,DC,NULL,NULL
3692,CA,DC,33.90354,-117.2874
3724,TX,DC,32.97303,-97.30823
3726,TX,DC-V,32.79303,-97.30823
3758,SC,DC,32.8474,-79.94872
3771,IN,DC,39.84937,-86.80467
3774,TX,DC,29.6076,-95.32362
3775,NULL,DC,NULL,NULL
3776,NULL,DC,NULL,NULL
3799,MN,STR-V,44.94686,-92.9139
3801,TX,DC,32.433706,-97.053803
3802,NY,DC,42.936967,-74.24122
3803,KS,DC,38.965298,-95.693185
3804,OH,DC,39.952093,-83.347965
3805,GA,DC,33.61861,-84.30636
3806,CA,DC,34.153246,-117.430562
3808,GA,DC,31.777625,-81.353362
3810,GA,DC,32.1751,-81.175651
3811,NC,DC,35.624504,-81.308774
3814,AZ,DC-V,33.44847,-112.221
3816,MN,DC-V,44.94686,-92.9139
3817,AZ,DC-V,32.1009,-110.699
3818,GA,DC-V,32.17389,-81.1756
3819,CA,DC-V,34.04602,-117.572
3824,PA,DC-V,39.93301,-76.8204
3825,SC,DC-V,34.06675,-81.1648
3827,KS,DC-V,38.96679,-95.6948
3828,VA,DC-V,38.03118,-78.9986
3830,NY,DC-V,43.17811,-73.7178
3834,CA,DC-V,38.68211,-121.723
3835,TX,DC-V,32.46594,-95.4183
3836,NC,DC-V,35.62474,-81.3116
3838,AL,DC-V,34.65199,-86.8438
3839,IN,DC-V,39.74688,-86.294
3840,CA,DC,34.153981,-117.419701
3841,VA,DC,36.706971,-76.666012
3842,IL,DC,41.917485,-88.739695
3843,MN,DC-V,45.100517,-93.245158
3844,NJ,DC,40.5236,-74.259949
3846,MI,DC-V,42.27459,-85.3798
3849,MN,DC,44.798211,-93.497493
3850,CA,DC,37.805516,-122.312941
3851,PA,DC,40.56864,-75.65037
3852,IL,DC,41.401,-88.14561
3853,IL,DC-V,41.49306,-88.141
3856,CA,DC,33.88773,-117.26984
3857,NJ,DC,39.78992,-75.34374
3858,MN,DC,44.99351,-93.21479
3859,TX,DC,29.944999,-95.529463
3860,NJ,DC-V,40.08779,-74.82
3861,TX,DC,32.8801,-96.9018
3862,GA,DC,33.958226,-84.03131
3863,PA,DC,40.083929,-75.323769
3864,IL,DC-V,41.82879,-87.7241
3865,IL,DC,41.82879,-87.7241
3866,TX,DC,30.33879,-97.66523
3868,NULL,DC,NULL,NULL
3870,NULL,DC-V,NULL,NULL
3871,IL,DC,41.8002,-87.77843
3872,IL,DC,41.9223,-87.95963
3873,FL,DC,25.92165,-80.35804
3874,WI,DC,43.12238,-88.06273
3875,IL,DC-V,41.47838,-88.1593
3876,CO,DC,39.79445,-104.98717
3878,CA,DC-V,33.88773,-117.26984
3879,NJ,DC-V,39.78992,-75.34374
3880,OH,DC,39.949244,-83.339551
3881,MD,DC,38.86046,-76.72843
3887,TX,DC,29.72968,-94.87516
3888,MD,DC,38.86046,-76.72843
3889,AZ,DC,33.44403,-112.37202
3890,WA,DC,47.222223,-122.252987
3891,GA,DC,32.178945,-81.181729
3892,FL,DC,30.230868,-82.636935
3895,IA,DC,42.475823,-92.46882
3897,TX,DC,33.200456,-97.179379
3899,CA,DC,34.133697,-117.415337
3900,TX,RGD,32.92818,-96.81133
3901,TX,RGD,30.41538,-97.670166
3902,GA,RGD,33.84664,-84.2454
3903,VA,RGD,38.79458,-77.6071
3905,NJ,RGD,40.55058,-74.3353
3906,OH,RGD,39.65888,-84.1045
3907,ME,RGD,43.47376,-70.5127
3908,CA,RGD,32.81637,-117.151
3909,CA,RGD,33.75214,-117.989
3910,CA,RGD,37.25238,-121.861
3911,MN,RGD,45.13298,-93.3668
3912,IL,RGD,41.85315,-87.8519
3913,WI,RGD,43.0139,-89.4828
3914,AZ,RGD,33.3384,-111.965
3915,CO,RGD,39.61192,-105.101
3916,FL,RGD,25.94026,-80.2906
3917,AR,RGD,34.60326,-92.5342
3918,FL,RGD,30.559792,-84.215714
3919,TN,RGD,36.18131,-86.637
3920,SC,RGD,32.79219,-80.031
3921,TN,RGD,35.90208,-84.1521
3923,MD,RGD,39.25176,-76.815
3924,NC,RGD,35.90295,-78.7859
3925,NJ,RGD,40.22785,-74.0462
3926,NY,RGD,41.10414,-74.0243
3927,MA,RGD,42.28044,-71.6559
3928,CA,RGD,34.14683,-118.135
3930,MI,RGD,42.32261,-83.4717
3931,CA,RGD,37.70284,-121.854
3932,WA,RGD,47.455156,-122.258864
3933,CA,RGD,33.72649,-117.989
3934,TX,RGD,32.92735,-96.8113
3935,LA,RGD,30.16068,-92.04904
3936,FL,RGD,27.846586,-82.643431
3937,PA,RGD,39.88051,-75.5287
3938,PA,RGD,40.44782,-80.1835
3939,CA,RGD,34.26994,-119.249
3940,AL,RGD,30.674,-88.2287
3941,FL,RGD,27.26992,-80.4279
3942,NY,RGD,40.81699,-73.2549
3943,IL,RGD,38.75191,-90.427
3944,IL,RGD,42.1625,-88.3399
3945,UT,RGD,40.9182,-111.887
3946,AZ,RGD,33.3384,-111.965
3947,NV,RGD,36.1244,-115.242
3948,CA,RGD,33.91612,-117.957
3950,NC,RGD,35.34966,-80.8596
3951,MD,RGD,39.25176,-76.815
3952,VA,RGD,38.05815,-78.9466
3953,KY,RGD,38.2432,-85.5156
3954,NY,RGD,41.03319,-73.765
3955,CT,RGD,41.23517,-73.0381
3956,PA,RGD,40.63863,-75.4403
3957,CA,RGD,37.15749,-121.654
3958,CA,RGD,38.67064,-121.274
3959,MN,RGD,44.72371,-93.1751
3962,CA,RGD,37.97893,-122.066
3963,CA,RGD,33.75214,-117.989
3965,CO,RGD,39.78392,-104.895
3966,TX,RGD,29.96991,-95.693
3967,FL,RGD,28.36951,-81.4067
3969,FL,RGD,25.97865,-80.3717
3970,PA,RGD,39.96135,-75.1721
3971,OH,RGD,41.12057,-81.4785
3972,UT,RGD,40.91825,-111.887
3973,CA,RGD,34.14677,-118.135
3974,VA,RGD,38.2247,-77.5015
3975,NY,RGD,43.04721,-76.2377
3976,CA,RGD,35.39134,-119.111
3977,WA,RGD,47.45584,-122.256
3978,HI,RGD,21.3548,-157.929
3979,MA,RGD,42.28044,-71.6559
3980,OK,RGD,36.137,-95.9205
3982,CA,RGD,33.937822,-118.048168
3983,CA,RGD,33.60633,-117.688166
3984,NY,RGD,40.73533,-73.8749
3985,MA,RGD,41.877743,-71.068577
3986,CA,RGD,32.81637,-117.151
3987,NY,RGD,40.69074,-73.98327
3988,MD,RGD,38.67245,-76.8732
3991,MN,STR-V,44.94686,-92.9139
3992,MN,STR-V,44.94686,-92.9139
3993,MN,STR-V,44.94686,-92.9139
3994,MN,STR-V,44.94686,-92.9139
3995,MN,STR-V,44.94686,-92.9139
3996,MN,STR-V,44.94686,-92.9139
3997,MN,STR-V,44.94686,-92.9139
3998,CA,STR-V,37.69448,-121.92459
6011,IL,OFFICE,42.280359,-88.979608
6020,WI,OFFICE,43.04496,-89.369802
6021,WI,OFFICE,44.49053,-88.090291
6022,WI,OFFICE,44.931813,-89.656871
6024,WA,OFFICE,47.422225,-122.22464
7775,MN,OFFICE,45.13477,-93.37073
7777,MN,OFFICE,45.13477,-93.37073
7790,MN,OFFICE,45.13425,-93.372423
7791,MN,OFFICE,45.13425,-93.372423
7792,MN,OFFICE,45.13425,-93.372423
7793,MN,OFFICE,45.13425,-93.372423
7799,KA,OFFICE,13.046011,77.620347
7807,MN,OFFICE,44.97815,-93.27241
7819,MN,OFFICE,45.13425,-93.372423
7820,MN,OFFICE,45.134325,-93.372423
7821,MN,OFFICE,45.13425,-93.372423
7822,MN,OFFICE,45.13425,-93.372423
7823,MN,OFFICE,45.13425,-93.372423
7824,MN,OFFICE,45.13425,-93.372423
7825,MN,OFFICE,45.13425,-93.372423
7826,MN,OFFICE,45.13425,-93.372423
7827,MN,OFFICE,45.13425,-93.372423
7830,KA,OFFICE,13.046011,77.620347
8009,CA,OSW,33.923617,-118.390135
8010,CA,OSW,34.245822,-118.585069
8011,NY,OSW,40.81699,-73.2549
8013,IL,OSW,41.934333,-87.689706
8019,MA,OSW,42.333191,-71.058652
8020,NJ,OSW,40.76659,-74.061183
8026,CA,OSW,33.988877,-118.16362
8028,CA,OSW,33.121552,-117.274182
8031,CA,OSW,32.811767,-116.975769
8034,NY,OSW,40.730145,-73.604417
8045,NY,OSW,40.664499,-73.874579
8048,IL,OSW,42.027676,-87.715709
8050,NY,OSW,40.753701,-73.834255
8053,TN,OSW,36.15002,-86.860334
8055,CA,OSW,34.069178,-117.234937
8065,CA,OSW,34.141745,-118.271274
8068,NY,OSW,41.219185,-73.717363
8069,MD,OSW,39.476711,-76.66257
8071,NY,OSW,40.806511,-73.888224
8076,CA,OSW,33.696331,-117.923044
8079,CA,OSW,33.9612,-118.3775
8080,WA,OSW,47.564,-122.3288
8081,MD,OSW,38.9685,-76.9552
8082,HI,OSW,21.373,-157.9049
8083,VA,OSW,38.797013,-77.154222
8084,NY,OSW,41.07024,-73.82675
8085,CA,OSW,34.29213,-118.4192
8086,MA,OSW,42.41007,-71.0889
8087,PA,OSW,40.08401,-75.35219
8200,MN,OFFICE,44.780649,-93.464592
8201,MA,OFFICE,42.363125,-71.085519
8260,VT,OFFICE,43.70301,-72.55924
8262,MN,OFFICE,44.99116,-93.3076
8263,WA,OFFICE,47.610137,-122.336146
8264,GA,OSW,32.179,-81.1781
8265,TX,OSW,32.63033,-96.75048
8266,NC,OSW,36.08977,-79.72062
8267,PA,OSW,41.13535,-75.38936
8268,CA,OSW,33.90353,-117.28741
8269,MN,OFFICE,44.83482,-93.1877
8270,WA,DC,47.33372,-122.23194
8271,CA,DC,33.903162,-117.288379
8272,NJ,DC,40.49067,-74.36354
8273,IL,DC,41.66354,-88.1328
8280,NJ,DC,39.76408,-75.333008
8402,KS,RGD,38.90776,-94.673
8403,NY,RGD,40.81699,-73.2549
8404,CA,RGD,34.14683,-118.135
8405,WI,RGD,43.01585,-89.488
8406,MA,RGD,41.87858,-71.0658
8407,CA,RGD,38.59593,-121.285
8408,NC,RGD,35.34912,-80.8574
8409,FL,RGD,25.94026,-80.2906
8410,CO,RGD,39.78549,-104.896
8411,CA,RGD,33.68243,-117.918
8412,CT,RGD,41.89121,-72.6521
8413,MN,RGD,45.13298,-93.3668
8414,TX,RGD,32.928005,-96.811391
8415,MD,RGD,39.25176,-76.815
8416,MN,RGD,45.13298,-93.3668
8417,NJ,RGD,40.551841,-74.332277
8418,UT,RGD,40.91825,-111.887
8419,AL,RGD,33.42553,-86.7118
8420,VA,RGD,37.50405,-77.6051
8701,GA,STR-V,33.50722,-82.50683
8702,IL,DC,41.76465,-87.79907
8990,NY,OFFICE,40.74979,-73.98903
9014,ST,OFFICE,37.539619,127.009676
9051,NY,OFFICE,40.75336,-73.97467
9052,IL,OFFICE,41.8794,-87.63232
9054,TX,DC,32.63033,-96.75048
9060,PA,DC,41.13535,-75.38936
9084,CA,DC,34.029872,-117.550326
9104,MN,OFFICE,44.99338,-93.21238
9115,CA,DC,33.88773,-117.26984
9117,NJ,DC,39.78992,-75.34374
9136,KA,OFFICE,13.014005,77.618796
9142,KA,OFFICE,13.04118,77.619
9145,MO,DC,39.10241,-94.60357
9154,IL,DC,41.82879,-87.7424
9155,35,OFFICE,25.434099,119.036339
9156,NJ,DC,40.08779,-74.82
9165,CA,DC,33.96701,-117.66699
9170,CA,DC,33.96669,-117.66829
9207,NULL,DC,NULL,NULL
9227,TX,DC,32.97303,-97.30823
9230,AL,OFFICE,33.517612,-86.808472
9253,IL,DC,41.49306,-88.141
9267,KS,DC,38.96679,-95.6948
9275,IL,DC,41.47838,-88.1593
9301,MN,OFFICE,44.978131,-93.272794
9303,MN,OFFICE,44.976677,-93.272931
9304,MN,OFFICE,44.978131,-93.272794
9312,NY,OFFICE,40.7534,-73.9896
9314,MN,OFFICE,45.073615,-93.302141
9316,AZ,OFFICE,33.338004,-111.963121
9323,PA,OFFICE,40.45569,-79.9798
9325,CA,OFFICE,37.790886,-122.392533
9326,OH,DC,39.982414,-82.476301
9330,CA,DC,34.039361,-117.633833
9331,CA,OFFICE,37.784814,-122.405614
9332,AL,OFFICE,33.513967,-86.804959
9334,AL,DC,34.65199,-86.8438
9335,IN,DC,39.74688,-86.294
9336,WI,DC,43.07658,-88.4684
9337,MI,DC,42.27459,-85.3798
9338,AZ,DC,33.44847,-112.221
9340,NC,DC,35.62474,-81.3116
9347,MN,OFFICE,45.117933,-93.388872
9348,MN,OFFICE,44.974447,-93.275808
9349,CA,OFFICE,37.528279,-122.001911
9350,MN,STR-V,44.8605,-93.3116
9351,KA,OFFICE,12.9789,77.6575
9352,NV,OFFICE,36.21918,-115.25
9354,NY,OFFICE,40.75339,-73.9896
9355,MN,OFFICE,45.30867,-93.628093
9356,MN,OFFICE,44.977245,-93.270094
9357,KA,OFFICE,12.950556,77.642857
9360,PA,OFFICE,39.93893,-75.3503
9362,CA,OFFICE,33.8594,-117.927
9363,MN,OFFICE,44.978131,-93.272794
9364,MN,OFFICE,44.98335,-93.284254
9367,MN,OFFICE,45.13298,-93.3668
9370,TX,OFFICE,32.90161,-97.3241
9374,KA,OFFICE,12.96933,77.58183
9376,NY,OFFICE,40.81699,-73.2549
9378,MN,OFFICE,44.997502,-93.221686
9381,KA,OFFICE,12.96933,77.58183
9397,MN,DC,44.80528,-93.353
9398,NULL,OFFICE,51.514469,0.150197
9401,MN,OFFICE,44.97806,-93.27278
9407,MN,DC,44.9453,-92.912991
9417,GA,DC,32.1751,-81.175651
9419,UT,OFFICE,40.763677,-111.890255
9420,AZ,OFFICE,33.3384,-111.965
9421,MN,OFFICE,45.133422,-93.372145
9425,AZ,OFFICE,33.3384,-111.965
9426,IN,DC,39.7686,-86.2963
9434,OR,DC,44.5776,-123.109
9435,TX,DC,32.44639,-97.0406
9441,SC,DC,34.06674,-81.1648
9475,PA,DC,39.932788,-76.822308
9478,AZ,DC,32.087575,-110.799394
9479,CA,DC,34.045929,-117.568417
9490,32,OFFICE,31.2466,121.472
9491,GD,OFFICE,22.8608,114.324
9494,MD,OFFICE,39.155083,-77.217295
9495,DC,OFFICE,38.8973,-77.0276
9501,KA,OFFICE,28.831593,78.778276
9502,MN,OFFICE,44.973907,-93.275665
9506,VA,DC,38.03118,-78.9986
9514,CA,DC,38.68211,-121.723
9529,TX,DC,32.46594,-95.4183
9563,MN,OFFICE,44.978131,-93.272794
9701,NULL,OFFICE,13.5,100.29
9703,NULL,OFFICE,22.360432,91.828102
9704,NULL,OFFICE,23.71,90.41
9706,GU,OFFICE,14.6211,-90.5269
9707,HI,OFFICE,21.030944,105.806667
9708,NULL,OFFICE,10.773705,106.700951
9710,JK,OFFICE,-6.223993,106.842406
9711,NULL,OFFICE,24.8926,67.0287
9712,NULL,OFFICE,5.36465,100.31
9713,MN,OFFICE,12.1514,-86.2728
9717,PP,OFFICE,11.550042,104.916616
9718,GD,OFFICE,23.0955,113.293
9719,NULL,OFFICE,23.0458,113.735
9720,NULL,OFFICE,36.0902,120.341
9721,TP,OFFICE,25.02365,121.57046
9722,TJ,OFFICE,39.1266,117.184
9723,KA,OFFICE,13.041005,77.618796
9724,NULL,OFFICE,28.538333,77.289011
9725,NULL,OFFICE,22.302424,114.191734
9733,MN,OFFICE,44.876,-93.2231
9735,MN,OFFICE,44.973907,-93.275665
9737,CA,OFFICE,37.791189,-122.39262
9738,CA,OFFICE,33.919035,-118.393005
9739,CO,OFFICE,38.903604,-104.861545
9740,CA,OFFICE,33.902891,-118.382628
9741,CA,OFFICE,33.863278,-118.400081
9742,CA,OFFICE,40.51049,-122.30337
9743,CA,OFFICE,37.378356,-122.032561
9745,CA,OFFICE,37.791238,-122.395203
9746,TX,OFFICE,32.84467,-97.11561
9747,UT,OFFICE,40.76437,-111.891012
9748,CO,STR-V,38.90038,-104.852116
9819,MN,OFFICE,45.134808,-93.372711